Broadcast Year,Broadcast Quarter,Market ,Service Type,Broadcast Language,Total Quarterly Hours,Universe
2019,Quarter 1,Calgary,CBC/SRC,French," 304,615 "," 1,319,950 "
2019,Quarter 1,Calgary,CBC/SRC,English," 14,898,952 "," 1,319,950 "
2019,Quarter 1,Calgary,Non-Commercial,French, -   ," 1,319,950 "
2019,Quarter 1,Calgary,Non-Commercial,English," 16,241 "," 1,319,950 "
2019,Quarter 1,Calgary,Private Commercial,French," 4,343 "," 1,319,950 "
2019,Quarter 1,Calgary,Private Commercial,English," 117,646,366 "," 1,319,950 "
2019,Quarter 1,Edmonton,CBC/SRC,French," 2,190,131 "," 1,248,934 "
2019,Quarter 1,Edmonton,CBC/SRC,English," 13,750,164 "," 1,248,934 "
2019,Quarter 1,Edmonton,Non-Commercial,French, -   ," 1,248,934 "
2019,Quarter 1,Edmonton,Non-Commercial,English, -   ," 1,248,934 "
2019,Quarter 1,Edmonton,Private Commercial,French, 618 ," 1,248,934 "
2019,Quarter 1,Edmonton,Private Commercial,English," 119,604,481 "," 1,248,934 "
2019,Quarter 1,Montreal,CBC/SRC,English," 16,500,541 "," 3,745,917 "
2019,Quarter 1,Montreal,CBC/SRC,French," 53,052,587 "," 3,745,917 "
2019,Quarter 1,Montreal,Non-Commercial,French, -   ," 3,745,917 "
2019,Quarter 1,Montreal,Non-Commercial,English," 7,075 "," 3,745,917 "
2019,Quarter 1,Montreal,Private Commercial,English," 143,763,142 "," 3,745,917 "
2019,Quarter 1,Montreal,Private Commercial,French," 220,604,623 "," 3,745,917 "
2019,Quarter 1,Toronto,CBC/SRC,French," 1,774,062 "," 5,640,975 "
2019,Quarter 1,Toronto,CBC/SRC,English," 89,884,976 "," 5,640,975 "
2019,Quarter 1,Toronto,Non-Commercial,French, -   ," 5,640,975 "
2019,Quarter 1,Toronto,Non-Commercial,English," 12,894,974 "," 5,640,975 "
2019,Quarter 1,Toronto,Private Commercial,French," 137,217 "," 5,640,975 "
2019,Quarter 1,Toronto,Private Commercial,English," 512,547,734 "," 5,640,975 "
2019,Quarter 1,Vancouver,CBC/SRC,French," 1,315,444 "," 2,347,954 "
2019,Quarter 1,Vancouver,CBC/SRC,English," 43,681,918 "," 2,347,954 "
2019,Quarter 1,Vancouver,Non-Commercial,English, -   ," 2,347,954 "
2019,Quarter 1,Vancouver,Non-Commercial,French, -   ," 2,347,954 "
2019,Quarter 1,Vancouver,Private Commercial,French," 2,295 "," 2,347,954 "
2019,Quarter 1,Vancouver,Private Commercial,English," 180,289,030 "," 2,347,954 "
2019,Quarter 2,Calgary,CBC/SRC,French," 404,418 "," 1,319,968 "
2019,Quarter 2,Calgary,CBC/SRC,English," 14,225,849 "," 1,319,968 "
2019,Quarter 2,Calgary,Non-Commercial,French, -   ," 1,319,968 "
2019,Quarter 2,Calgary,Non-Commercial,English," 54,724 "," 1,319,968 "
2019,Quarter 2,Calgary,Private Commercial,French, 53 ," 1,319,968 "
2019,Quarter 2,Calgary,Private Commercial,English," 108,030,008 "," 1,319,968 "
2019,Quarter 2,Edmonton,CBC/SRC,French," 2,159,084 "," 1,248,990 "
2019,Quarter 2,Edmonton,CBC/SRC,English," 12,723,432 "," 1,248,990 "
2019,Quarter 2,Edmonton,Non-Commercial,French, -   ," 1,248,990 "
2019,Quarter 2,Edmonton,Non-Commercial,English, 85 ," 1,248,990 "
2019,Quarter 2,Edmonton,Private Commercial,French," 1,377 "," 1,248,990 "
2019,Quarter 2,Edmonton,Private Commercial,English," 117,184,326 "," 1,248,990 "
2019,Quarter 2,Montreal,CBC/SRC,English," 16,655,266 "," 3,745,872 "
2019,Quarter 2,Montreal,CBC/SRC,French," 52,287,232 "," 3,745,872 "
2019,Quarter 2,Montreal,Non-Commercial,French, -   ," 3,745,872 "
2019,Quarter 2,Montreal,Non-Commercial,English, 222 ," 3,745,872 "
2019,Quarter 2,Montreal,Private Commercial,English," 127,480,702 "," 3,745,872 "
2019,Quarter 2,Montreal,Private Commercial,French," 218,411,053 "," 3,745,872 "
2019,Quarter 2,Toronto,CBC/SRC,French," 3,008,631 "," 5,640,997 "
2019,Quarter 2,Toronto,CBC/SRC,English," 89,820,752 "," 5,640,997 "
2019,Quarter 2,Toronto,Non-Commercial,French, -   ," 5,640,997 "
2019,Quarter 2,Toronto,Non-Commercial,English," 10,867,268 "," 5,640,997 "
2019,Quarter 2,Toronto,Private Commercial,French," 134,812 "," 5,640,997 "
2019,Quarter 2,Toronto,Private Commercial,English," 479,395,001 "," 5,640,997 "
2019,Quarter 2,Vancouver,CBC/SRC,French," 1,135,782 "," 2,347,905 "
2019,Quarter 2,Vancouver,CBC/SRC,English," 38,204,541 "," 2,347,905 "
2019,Quarter 2,Vancouver,Non-Commercial,French, -   ," 2,347,905 "
2019,Quarter 2,Vancouver,Non-Commercial,English, 199 ," 2,347,905 "
2019,Quarter 2,Vancouver,Private Commercial,French, 437 ," 2,347,905 "
2019,Quarter 2,Vancouver,Private Commercial,English," 178,677,678 "," 2,347,905 "
2019,Quarter 3,Calgary,CBC/SRC,French," 554,776 "," 1,319,970 "
2019,Quarter 3,Calgary,CBC/SRC,English," 16,136,746 "," 1,319,970 "
2019,Quarter 3,Calgary,Non-Commercial,French, -   ," 1,319,970 "
2019,Quarter 3,Calgary,Non-Commercial,English," 52,451 "," 1,319,970 "
2019,Quarter 3,Calgary,Private Commercial,French, 142 ," 1,319,970 "
2019,Quarter 3,Calgary,Private Commercial,English," 112,742,790 "," 1,319,970 "
2019,Quarter 3,Edmonton,CBC/SRC,French," 1,257,121 "," 1,248,969 "
2019,Quarter 3,Edmonton,CBC/SRC,English," 12,609,719 "," 1,248,969 "
2019,Quarter 3,Edmonton,Non-Commercial,English, -   ," 1,248,969 "
2019,Quarter 3,Edmonton,Non-Commercial,French, -   ," 1,248,969 "
2019,Quarter 3,Edmonton,Private Commercial,French, 169 ," 1,248,969 "
2019,Quarter 3,Edmonton,Private Commercial,English," 125,636,189 "," 1,248,969 "
2019,Quarter 3,Montreal,CBC/SRC,English," 18,028,702 "," 3,745,910 "
2019,Quarter 3,Montreal,CBC/SRC,French," 59,307,837 "," 3,745,910 "
2019,Quarter 3,Montreal,Non-Commercial,French, -   ," 3,745,910 "
2019,Quarter 3,Montreal,Non-Commercial,English," 2,335 "," 3,745,910 "
2019,Quarter 3,Montreal,Private Commercial,English," 132,027,248 "," 3,745,910 "
2019,Quarter 3,Montreal,Private Commercial,French," 241,410,645 "," 3,745,910 "
2019,Quarter 3,Toronto,CBC/SRC,French," 5,039,049 "," 5,640,985 "
2019,Quarter 3,Toronto,CBC/SRC,English," 99,709,397 "," 5,640,985 "
2019,Quarter 3,Toronto,Non-Commercial,French, -   ," 5,640,985 "
2019,Quarter 3,Toronto,Non-Commercial,English," 10,731,588 "," 5,640,985 "
2019,Quarter 3,Toronto,Private Commercial,French," 33,949 "," 5,640,985 "
2019,Quarter 3,Toronto,Private Commercial,English," 469,480,555 "," 5,640,985 "
2019,Quarter 3,Vancouver,CBC/SRC,French," 1,326,815 "," 2,347,872 "
2019,Quarter 3,Vancouver,CBC/SRC,English," 45,646,255 "," 2,347,872 "
2019,Quarter 3,Vancouver,Non-Commercial,French, -   ," 2,347,872 "
2019,Quarter 3,Vancouver,Non-Commercial,English, 941 ," 2,347,872 "
2019,Quarter 3,Vancouver,Private Commercial,French," 9,054 "," 2,347,872 "
2019,Quarter 3,Vancouver,Private Commercial,English," 175,589,224 "," 2,347,872 "
2019,Quarter 4,Calgary,CBC/SRC,French," 560,100 "," 1,321,618 "
2019,Quarter 4,Calgary,CBC/SRC,English," 16,029,035 "," 1,321,618 "
2019,Quarter 4,Calgary,Non-Commercial,French, -   ," 1,321,618 "
2019,Quarter 4,Calgary,Non-Commercial,English," 30,463 "," 1,321,618 "
2019,Quarter 4,Calgary,Private Commercial,French," 3,242 "," 1,321,618 "
2019,Quarter 4,Calgary,Private Commercial,English," 115,279,327 "," 1,321,618 "
2019,Quarter 4,Edmonton,CBC/SRC,French," 718,541 "," 1,249,926 "
2019,Quarter 4,Edmonton,CBC/SRC,English," 11,242,397 "," 1,249,926 "
2019,Quarter 4,Edmonton,Non-Commercial,English, -   ," 1,249,926 "
2019,Quarter 4,Edmonton,Non-Commercial,French, -   ," 1,249,926 "
2019,Quarter 4,Edmonton,Private Commercial,French," 78,413 "," 1,249,926 "
2019,Quarter 4,Edmonton,Private Commercial,English," 121,426,462 "," 1,249,926 "
2019,Quarter 4,Montreal,CBC/SRC,English," 12,538,230 "," 3,750,099 "
2019,Quarter 4,Montreal,CBC/SRC,French," 55,817,452 "," 3,750,099 "
2019,Quarter 4,Montreal,Non-Commercial,French, -   ," 3,750,099 "
2019,Quarter 4,Montreal,Non-Commercial,English," 4,912 "," 3,750,099 "
2019,Quarter 4,Montreal,Private Commercial,English," 133,298,311 "," 3,750,099 "
2019,Quarter 4,Montreal,Private Commercial,French," 229,599,082 "," 3,750,099 "
2019,Quarter 4,Toronto,CBC/SRC,French," 3,930,086 "," 5,648,980 "
2019,Quarter 4,Toronto,CBC/SRC,English," 109,554,646 "," 5,648,980 "
2019,Quarter 4,Toronto,Non-Commercial,French, -   ," 5,648,980 "
2019,Quarter 4,Toronto,Non-Commercial,English," 13,855,958 "," 5,648,980 "
2019,Quarter 4,Toronto,Private Commercial,French," 93,053 "," 5,648,980 "
2019,Quarter 4,Toronto,Private Commercial,English," 462,587,776 "," 5,648,980 "
2019,Quarter 4,Vancouver,CBC/SRC,French," 1,851,371 "," 2,349,305 "
2019,Quarter 4,Vancouver,CBC/SRC,English," 45,202,395 "," 2,349,305 "
2019,Quarter 4,Vancouver,Non-Commercial,French, -   ," 2,349,305 "
2019,Quarter 4,Vancouver,Non-Commercial,English," 11,053 "," 2,349,305 "
2019,Quarter 4,Vancouver,Private Commercial,French," 4,568 "," 2,349,305 "
2019,Quarter 4,Vancouver,Private Commercial,English," 166,725,652 "," 2,349,305 "
2020,Quarter 1,Calgary,CBC/SRC,French," 609,057 "," 1,344,938 "
2020,Quarter 1,Calgary,CBC/SRC,English," 18,100,383 "," 1,344,938 "
2020,Quarter 1,Calgary,Non-Commercial,French, -   ," 1,344,938 "
2020,Quarter 1,Calgary,Non-Commercial,English," 58,957 "," 1,344,938 "
2020,Quarter 1,Calgary,Private Commercial,French, 63 ," 1,344,938 "
2020,Quarter 1,Calgary,Private Commercial,English," 112,033,348 "," 1,344,938 "
2020,Quarter 1,Edmonton,CBC/SRC,French," 581,924 "," 1,263,961 "
2020,Quarter 1,Edmonton,CBC/SRC,English," 13,516,615 "," 1,263,961 "
2020,Quarter 1,Edmonton,Non-Commercial,French, -   ," 1,263,961 "
2020,Quarter 1,Edmonton,Non-Commercial,English, -   ," 1,263,961 "
2020,Quarter 1,Edmonton,Private Commercial,French, 258 ," 1,263,961 "
2020,Quarter 1,Edmonton,Private Commercial,English," 120,984,118 "," 1,263,961 "
2020,Quarter 1,Montreal,CBC/SRC,English," 12,370,289 "," 3,811,785 "
2020,Quarter 1,Montreal,CBC/SRC,French," 55,036,910 "," 3,811,785 "
2020,Quarter 1,Montreal,Non-Commercial,French, -   ," 3,811,785 "
2020,Quarter 1,Montreal,Non-Commercial,English," 9,657 "," 3,811,785 "
2020,Quarter 1,Montreal,Private Commercial,English," 128,422,372 "," 3,811,785 "
2020,Quarter 1,Montreal,Private Commercial,French," 234,377,307 "," 3,811,785 "
2020,Quarter 1,Toronto,CBC/SRC,French," 4,345,301 "," 5,764,970 "
2020,Quarter 1,Toronto,CBC/SRC,English," 118,492,491 "," 5,764,970 "
2020,Quarter 1,Toronto,Non-Commercial,French, -   ," 5,764,970 "
2020,Quarter 1,Toronto,Non-Commercial,English," 11,991,240 "," 5,764,970 "
2020,Quarter 1,Toronto,Private Commercial,French," 96,321 "," 5,764,970 "
2020,Quarter 1,Toronto,Private Commercial,English," 471,061,915 "," 5,764,970 "
2020,Quarter 1,Vancouver,CBC/SRC,French," 1,248,771 "," 2,369,041 "
2020,Quarter 1,Vancouver,CBC/SRC,English," 43,530,164 "," 2,369,041 "
2020,Quarter 1,Vancouver,Non-Commercial,French, -   ," 2,369,041 "
2020,Quarter 1,Vancouver,Non-Commercial,English," 30,558 "," 2,369,041 "
2020,Quarter 1,Vancouver,Private Commercial,French," 2,688 "," 2,369,041 "
2020,Quarter 1,Vancouver,Private Commercial,English," 169,322,761 "," 2,369,041 "
2020,Quarter 2,Calgary,CBC/SRC,French," 447,254 "," 1,344,915 "
2020,Quarter 2,Calgary,CBC/SRC,English," 15,681,014 "," 1,344,915 "
2020,Quarter 2,Calgary,Non-Commercial,French, -   ," 1,344,915 "
2020,Quarter 2,Calgary,Non-Commercial,English," 81,027 "," 1,344,915 "
2020,Quarter 2,Calgary,Private Commercial,French, 533 ," 1,344,915 "
2020,Quarter 2,Calgary,Private Commercial,English," 111,964,512 "," 1,344,915 "
2020,Quarter 2,Edmonton,CBC/SRC,French," 1,326,992 "," 1,263,948 "
2020,Quarter 2,Edmonton,CBC/SRC,English," 13,425,715 "," 1,263,948 "
2020,Quarter 2,Edmonton,Non-Commercial,French, -   ," 1,263,948 "
2020,Quarter 2,Edmonton,Non-Commercial,English, 30 ," 1,263,948 "
2020,Quarter 2,Edmonton,Private Commercial,French," 10,265 "," 1,263,948 "
2020,Quarter 2,Edmonton,Private Commercial,English," 115,445,246 "," 1,263,948 "
2020,Quarter 2,Montreal,CBC/SRC,English," 12,212,744 "," 3,811,869 "
2020,Quarter 2,Montreal,CBC/SRC,French," 52,173,496 "," 3,811,869 "
2020,Quarter 2,Montreal,Non-Commercial,French, -   ," 3,811,869 "
2020,Quarter 2,Montreal,Non-Commercial,English," 231,194 "," 3,811,869 "
2020,Quarter 2,Montreal,Private Commercial,English," 121,761,915 "," 3,811,869 "
2020,Quarter 2,Montreal,Private Commercial,French," 228,141,498 "," 3,811,869 "
2020,Quarter 2,Toronto,CBC/SRC,French," 3,158,117 "," 5,764,913 "
2020,Quarter 2,Toronto,CBC/SRC,English," 111,830,726 "," 5,764,913 "
2020,Quarter 2,Toronto,Non-Commercial,French, -   ," 5,764,913 "
2020,Quarter 2,Toronto,Non-Commercial,English," 10,418,382 "," 5,764,913 "
2020,Quarter 2,Toronto,Private Commercial,French," 57,407 "," 5,764,913 "
2020,Quarter 2,Toronto,Private Commercial,English," 449,152,955 "," 5,764,913 "
2020,Quarter 2,Vancouver,CBC/SRC,French," 1,205,435 "," 2,369,046 "
2020,Quarter 2,Vancouver,CBC/SRC,English," 35,598,174 "," 2,369,046 "
2020,Quarter 2,Vancouver,Non-Commercial,French, -   ," 2,369,046 "
2020,Quarter 2,Vancouver,Non-Commercial,English," 11,223 "," 2,369,046 "
2020,Quarter 2,Vancouver,Private Commercial,French," 4,490 "," 2,369,046 "
2020,Quarter 2,Vancouver,Private Commercial,English," 180,966,806 "," 2,369,046 "
2020,Quarter 3,Calgary,CBC/SRC,French," 839,435 "," 1,344,856 "
2020,Quarter 3,Calgary,CBC/SRC,English," 16,029,859 "," 1,344,856 "
2020,Quarter 3,Calgary,Non-Commercial,French, -   ," 1,344,856 "
2020,Quarter 3,Calgary,Non-Commercial,English," 44,669 "," 1,344,856 "
2020,Quarter 3,Calgary,Private Commercial,French, 150 ," 1,344,856 "
2020,Quarter 3,Calgary,Private Commercial,English," 97,626,283 "," 1,344,856 "
2020,Quarter 3,Edmonton,CBC/SRC,French," 1,210,705 "," 1,263,885 "
2020,Quarter 3,Edmonton,CBC/SRC,English," 13,232,092 "," 1,263,885 "
2020,Quarter 3,Edmonton,Non-Commercial,French, -   ," 1,263,885 "
2020,Quarter 3,Edmonton,Non-Commercial,English, -   ," 1,263,885 "
2020,Quarter 3,Edmonton,Private Commercial,French," 4,601 "," 1,263,885 "
2020,Quarter 3,Edmonton,Private Commercial,English," 97,873,578 "," 1,263,885 "
2020,Quarter 3,Montreal,CBC/SRC,English," 11,702,835 "," 3,811,804 "
2020,Quarter 3,Montreal,CBC/SRC,French," 50,335,894 "," 3,811,804 "
2020,Quarter 3,Montreal,Non-Commercial,French, -   ," 3,811,804 "
2020,Quarter 3,Montreal,Non-Commercial,English," 314,373 "," 3,811,804 "
2020,Quarter 3,Montreal,Private Commercial,English," 99,994,253 "," 3,811,804 "
2020,Quarter 3,Montreal,Private Commercial,French," 205,095,626 "," 3,811,804 "
2020,Quarter 3,Toronto,CBC/SRC,French," 1,377,956 "," 5,764,909 "
2020,Quarter 3,Toronto,CBC/SRC,English," 108,765,644 "," 5,764,909 "
2020,Quarter 3,Toronto,Non-Commercial,French, -   ," 5,764,909 "
2020,Quarter 3,Toronto,Non-Commercial,English," 13,255,573 "," 5,764,909 "
2020,Quarter 3,Toronto,Private Commercial,French," 158,768 "," 5,764,909 "
2020,Quarter 3,Toronto,Private Commercial,English," 368,563,510 "," 5,764,909 "
2020,Quarter 3,Vancouver,CBC/SRC,French," 1,156,548 "," 2,369,103 "
2020,Quarter 3,Vancouver,CBC/SRC,English," 35,575,077 "," 2,369,103 "
2020,Quarter 3,Vancouver,Non-Commercial,French, -   ," 2,369,103 "
2020,Quarter 3,Vancouver,Non-Commercial,English," 2,787 "," 2,369,103 "
2020,Quarter 3,Vancouver,Private Commercial,French," 12,077 "," 2,369,103 "
2020,Quarter 3,Vancouver,Private Commercial,English," 155,535,537 "," 2,369,103 "
2020,Quarter 4,Calgary,CBC/SRC,French," 692,777 "," 1,345,026 "
2020,Quarter 4,Calgary,CBC/SRC,English," 16,286,348 "," 1,345,026 "
2020,Quarter 4,Calgary,Non-Commercial,French, -   ," 1,345,026 "
2020,Quarter 4,Calgary,Non-Commercial,English," 16,632 "," 1,345,026 "
2020,Quarter 4,Calgary,Private Commercial,French, 184 ," 1,345,026 "
2020,Quarter 4,Calgary,Private Commercial,English," 106,948,904 "," 1,345,026 "
2020,Quarter 4,Edmonton,CBC/SRC,French," 1,409,914 "," 1,264,166 "
2020,Quarter 4,Edmonton,CBC/SRC,English," 12,783,006 "," 1,264,166 "
2020,Quarter 4,Edmonton,Non-Commercial,French, -   ," 1,264,166 "
2020,Quarter 4,Edmonton,Non-Commercial,English, -   ," 1,264,166 "
2020,Quarter 4,Edmonton,Private Commercial,French, 693 ," 1,264,166 "
2020,Quarter 4,Edmonton,Private Commercial,English," 104,701,497 "," 1,264,166 "
2020,Quarter 4,Montreal,CBC/SRC,English," 10,673,895 "," 3,812,086 "
2020,Quarter 4,Montreal,CBC/SRC,French," 49,927,277 "," 3,812,086 "
2020,Quarter 4,Montreal,Non-Commercial,French, -   ," 3,812,086 "
2020,Quarter 4,Montreal,Non-Commercial,English," 286,472 "," 3,812,086 "
2020,Quarter 4,Montreal,Private Commercial,English," 112,036,325 "," 3,812,086 "
2020,Quarter 4,Montreal,Private Commercial,French," 211,895,479 "," 3,812,086 "
2020,Quarter 4,Toronto,CBC/SRC,French," 2,101,751 "," 5,766,009 "
2020,Quarter 4,Toronto,CBC/SRC,English," 95,315,362 "," 5,766,009 "
2020,Quarter 4,Toronto,Non-Commercial,French, -   ," 5,766,009 "
2020,Quarter 4,Toronto,Non-Commercial,English," 12,037,900 "," 5,766,009 "
2020,Quarter 4,Toronto,Private Commercial,French," 102,240 "," 5,766,009 "
2020,Quarter 4,Toronto,Private Commercial,English," 376,896,948 "," 5,766,009 "
2020,Quarter 4,Vancouver,CBC/SRC,French," 670,253 "," 2,370,146 "
2020,Quarter 4,Vancouver,CBC/SRC,English," 30,787,435 "," 2,370,146 "
2020,Quarter 4,Vancouver,Non-Commercial,French, -   ," 2,370,146 "
2020,Quarter 4,Vancouver,Non-Commercial,English," 8,496 "," 2,370,146 "
2020,Quarter 4,Vancouver,Private Commercial,French," 31,235 "," 2,370,146 "
2020,Quarter 4,Vancouver,Private Commercial,English," 160,784,121 "," 2,370,146 "
2021,Quarter 1,Calgary,CBC/SRC,French," 742,356 "," 1,361,810 "
2021,Quarter 1,Calgary,CBC/SRC,English," 16,914,456 "," 1,361,810 "
2021,Quarter 1,Calgary,Non-Commercial,French, -   ," 1,361,810 "
2021,Quarter 1,Calgary,Non-Commercial,English," 25,416 "," 1,361,810 "
2021,Quarter 1,Calgary,Private Commercial,French, 48 ," 1,361,810 "
2021,Quarter 1,Calgary,Private Commercial,English," 103,290,435 "," 1,361,810 "
2021,Quarter 1,Edmonton,CBC/SRC,French," 1,955,645 "," 1,298,812 "
2021,Quarter 1,Edmonton,CBC/SRC,English," 11,398,628 "," 1,298,812 "
2021,Quarter 1,Edmonton,Non-Commercial,French, -   ," 1,298,812 "
2021,Quarter 1,Edmonton,Non-Commercial,English, 123 ," 1,298,812 "
2021,Quarter 1,Edmonton,Private Commercial,French," 4,049 "," 1,298,812 "
2021,Quarter 1,Edmonton,Private Commercial,English," 101,435,679 "," 1,298,812 "
2021,Quarter 1,Montreal,CBC/SRC,English," 13,712,180 "," 3,841,845 "
2021,Quarter 1,Montreal,CBC/SRC,French," 67,461,935 "," 3,841,845 "
2021,Quarter 1,Montreal,Non-Commercial,French, -   ," 3,841,845 "
2021,Quarter 1,Montreal,Non-Commercial,English," 365,977 "," 3,841,845 "
2021,Quarter 1,Montreal,Private Commercial,English," 108,151,390 "," 3,841,845 "
2021,Quarter 1,Montreal,Private Commercial,French," 215,334,524 "," 3,841,845 "
2021,Quarter 1,Toronto,CBC/SRC,French," 388,814 "," 5,859,982 "
2021,Quarter 1,Toronto,CBC/SRC,English," 103,079,123 "," 5,859,982 "
2021,Quarter 1,Toronto,Non-Commercial,French, -   ," 5,859,982 "
2021,Quarter 1,Toronto,Non-Commercial,English," 13,073,907 "," 5,859,982 "
2021,Quarter 1,Toronto,Private Commercial,French," 52,612 "," 5,859,982 "
2021,Quarter 1,Toronto,Private Commercial,English," 374,008,787 "," 5,859,982 "
2021,Quarter 1,Vancouver,CBC/SRC,French," 1,659,396 "," 2,467,854 "
2021,Quarter 1,Vancouver,CBC/SRC,English," 32,419,294 "," 2,467,854 "
2021,Quarter 1,Vancouver,Non-Commercial,French, -   ," 2,467,854 "
2021,Quarter 1,Vancouver,Non-Commercial,English," 7,401 "," 2,467,854 "
2021,Quarter 1,Vancouver,Private Commercial,French," 7,945 "," 2,467,854 "
2021,Quarter 1,Vancouver,Private Commercial,English," 167,960,061 "," 2,467,854 "
2021,Quarter 2,Calgary,CBC/SRC,French," 553,156 "," 1,361,744 "
2021,Quarter 2,Calgary,CBC/SRC,English," 16,164,803 "," 1,361,744 "
2021,Quarter 2,Calgary,Non-Commercial,French, -   ," 1,361,744 "
2021,Quarter 2,Calgary,Non-Commercial,English," 28,277 "," 1,361,744 "
2021,Quarter 2,Calgary,Private Commercial,French, 103 ," 1,361,744 "
2021,Quarter 2,Calgary,Private Commercial,English," 97,102,484 "," 1,361,744 "
2021,Quarter 2,Edmonton,CBC/SRC,French," 2,407,403 "," 1,298,722 "
2021,Quarter 2,Edmonton,CBC/SRC,English," 11,277,027 "," 1,298,722 "
2021,Quarter 2,Edmonton,Non-Commercial,French, -   ," 1,298,722 "
2021,Quarter 2,Edmonton,Non-Commercial,English, 86 ," 1,298,722 "
2021,Quarter 2,Edmonton,Private Commercial,French," 10,730 "," 1,298,722 "
2021,Quarter 2,Edmonton,Private Commercial,English," 91,684,187 "," 1,298,722 "
2021,Quarter 2,Montreal,CBC/SRC,English," 13,331,975 "," 3,841,888 "
2021,Quarter 2,Montreal,CBC/SRC,French," 62,313,430 "," 3,841,888 "
2021,Quarter 2,Montreal,Non-Commercial,French, -   ," 3,841,888 "
2021,Quarter 2,Montreal,Non-Commercial,English," 500,656 "," 3,841,888 "
2021,Quarter 2,Montreal,Private Commercial,English," 108,057,508 "," 3,841,888 "
2021,Quarter 2,Montreal,Private Commercial,French," 190,980,223 "," 3,841,888 "
2021,Quarter 2,Toronto,CBC/SRC,French," 269,911 "," 5,859,928 "
2021,Quarter 2,Toronto,CBC/SRC,English," 91,433,316 "," 5,859,928 "
2021,Quarter 2,Toronto,Non-Commercial,French, -   ," 5,859,928 "
2021,Quarter 2,Toronto,Non-Commercial,English," 11,505,497 "," 5,859,928 "
2021,Quarter 2,Toronto,Private Commercial,French," 37,695 "," 5,859,928 "
2021,Quarter 2,Toronto,Private Commercial,English," 359,189,615 "," 5,859,928 "
2021,Quarter 2,Vancouver,CBC/SRC,French," 930,823 "," 2,467,794 "
2021,Quarter 2,Vancouver,CBC/SRC,English," 32,385,592 "," 2,467,794 "
2021,Quarter 2,Vancouver,Non-Commercial,French, -   ," 2,467,794 "
2021,Quarter 2,Vancouver,Non-Commercial,English," 2,942 "," 2,467,794 "
2021,Quarter 2,Vancouver,Private Commercial,French," 1,308 "," 2,467,794 "
2021,Quarter 2,Vancouver,Private Commercial,English," 165,099,831 "," 2,467,794 "
2021,Quarter 3,Calgary,CBC/SRC,French," 593,715 "," 1,361,787 "
2021,Quarter 3,Calgary,CBC/SRC,English," 18,523,426 "," 1,361,787 "
2021,Quarter 3,Calgary,Non-Commercial,French, -   ," 1,361,787 "
2021,Quarter 3,Calgary,Non-Commercial,English," 46,699 "," 1,361,787 "
2021,Quarter 3,Calgary,Private Commercial,French, 125 ," 1,361,787 "
2021,Quarter 3,Calgary,Private Commercial,English," 106,934,257 "," 1,361,787 "
2021,Quarter 3,Edmonton,CBC/SRC,French," 2,470,312 "," 1,298,832 "
2021,Quarter 3,Edmonton,CBC/SRC,English," 12,080,497 "," 1,298,832 "
2021,Quarter 3,Edmonton,Non-Commercial,English, -   ," 1,298,832 "
2021,Quarter 3,Edmonton,Non-Commercial,French, -   ," 1,298,832 "
2021,Quarter 3,Edmonton,Private Commercial,French," 6,360 "," 1,298,832 "
2021,Quarter 3,Edmonton,Private Commercial,English," 97,527,238 "," 1,298,832 "
2021,Quarter 3,Montreal,CBC/SRC,English," 13,966,182 "," 3,841,909 "
2021,Quarter 3,Montreal,CBC/SRC,French," 64,247,283 "," 3,841,909 "
2021,Quarter 3,Montreal,Non-Commercial,French, -   ," 3,841,909 "
2021,Quarter 3,Montreal,Non-Commercial,English," 440,795 "," 3,841,909 "
2021,Quarter 3,Montreal,Private Commercial,English," 110,536,793 "," 3,841,909 "
2021,Quarter 3,Montreal,Private Commercial,French," 203,279,170 "," 3,841,909 "
2021,Quarter 3,Toronto,CBC/SRC,French," 372,659 "," 5,859,879 "
2021,Quarter 3,Toronto,CBC/SRC,English," 89,217,592 "," 5,859,879 "
2021,Quarter 3,Toronto,Non-Commercial,French, -   ," 5,859,879 "
2021,Quarter 3,Toronto,Non-Commercial,English," 12,353,450 "," 5,859,879 "
2021,Quarter 3,Toronto,Private Commercial,French," 14,379 "," 5,859,879 "
2021,Quarter 3,Toronto,Private Commercial,English," 371,542,809 "," 5,859,879 "
2021,Quarter 3,Vancouver,CBC/SRC,French," 855,564 "," 2,467,773 "
2021,Quarter 3,Vancouver,CBC/SRC,English," 35,509,235 "," 2,467,773 "
2021,Quarter 3,Vancouver,Non-Commercial,French, -   ," 2,467,773 "
2021,Quarter 3,Vancouver,Non-Commercial,English," 4,162 "," 2,467,773 "
2021,Quarter 3,Vancouver,Private Commercial,French, 870 ," 2,467,773 "
2021,Quarter 3,Vancouver,Private Commercial,English," 174,041,977 "," 2,467,773 "
2021,Quarter 4,Calgary,CBC/SRC,French," 643,590 "," 1,361,534 "
2021,Quarter 4,Calgary,CBC/SRC,English," 19,507,348 "," 1,361,534 "
2021,Quarter 4,Calgary,Non-Commercial,French, -   ," 1,361,534 "
2021,Quarter 4,Calgary,Non-Commercial,English," 18,344 "," 1,361,534 "
2021,Quarter 4,Calgary,Private Commercial,French, 146 ," 1,361,534 "
2021,Quarter 4,Calgary,Private Commercial,English," 110,288,229 "," 1,361,534 "
2021,Quarter 4,Edmonton,CBC/SRC,French," 2,683,409 "," 1,298,718 "
2021,Quarter 4,Edmonton,CBC/SRC,English," 11,666,650 "," 1,298,718 "
2021,Quarter 4,Edmonton,Non-Commercial,French, -   ," 1,298,718 "
2021,Quarter 4,Edmonton,Non-Commercial,English, -   ," 1,298,718 "
2021,Quarter 4,Edmonton,Private Commercial,French," 2,276 "," 1,298,718 "
2021,Quarter 4,Edmonton,Private Commercial,English," 93,225,134 "," 1,298,718 "
2021,Quarter 4,Montreal,CBC/SRC,English," 14,129,306 "," 3,841,842 "
2021,Quarter 4,Montreal,CBC/SRC,French," 64,549,291 "," 3,841,842 "
2021,Quarter 4,Montreal,Non-Commercial,French, -   ," 3,841,842 "
2021,Quarter 4,Montreal,Non-Commercial,English," 291,040 "," 3,841,842 "
2021,Quarter 4,Montreal,Private Commercial,English," 110,796,692 "," 3,841,842 "
2021,Quarter 4,Montreal,Private Commercial,French," 197,465,066 "," 3,841,842 "
2021,Quarter 4,Toronto,CBC/SRC,French," 527,597 "," 5,859,811 "
2021,Quarter 4,Toronto,CBC/SRC,English," 80,011,451 "," 5,859,811 "
2021,Quarter 4,Toronto,Non-Commercial,French, -   ," 5,859,811 "
2021,Quarter 4,Toronto,Non-Commercial,English," 9,036,410 "," 5,859,811 "
2021,Quarter 4,Toronto,Private Commercial,French," 13,295 "," 5,859,811 "
2021,Quarter 4,Toronto,Private Commercial,English," 402,362,210 "," 5,859,811 "
2021,Quarter 4,Vancouver,CBC/SRC,French," 838,294 "," 2,467,789 "
2021,Quarter 4,Vancouver,CBC/SRC,English," 29,766,870 "," 2,467,789 "
2021,Quarter 4,Vancouver,Non-Commercial,French, -   ," 2,467,789 "
2021,Quarter 4,Vancouver,Non-Commercial,English," 5,521 "," 2,467,789 "
2021,Quarter 4,Vancouver,Private Commercial,French," 1,027 "," 2,467,789 "
2021,Quarter 4,Vancouver,Private Commercial,English," 174,938,570 "," 2,467,789 "
2022,Quarter 1,Calgary,CBC/SRC,French," 631,566 "," 1,352,825 "
2022,Quarter 1,Calgary,CBC/SRC,English," 21,564,900 "," 1,352,825 "
2022,Quarter 1,Calgary,Non-Commercial,French, -   ," 1,352,825 "
2022,Quarter 1,Calgary,Non-Commercial,English," 17,176 "," 1,352,825 "
2022,Quarter 1,Calgary,Private Commercial,French, 258 ," 1,352,825 "
2022,Quarter 1,Calgary,Private Commercial,English," 100,900,557 "," 1,352,825 "
2022,Quarter 1,Edmonton,CBC/SRC,French," 1,336,243 "," 1,291,850 "
2022,Quarter 1,Edmonton,CBC/SRC,English," 12,515,871 "," 1,291,850 "
2022,Quarter 1,Edmonton,Non-Commercial,French, -   ," 1,291,850 "
2022,Quarter 1,Edmonton,Non-Commercial,English, 116 ," 1,291,850 "
2022,Quarter 1,Edmonton,Private Commercial,French, 45 ," 1,291,850 "
2022,Quarter 1,Edmonton,Private Commercial,English," 94,292,149 "," 1,291,850 "
2022,Quarter 1,Montreal,CBC/SRC,English," 17,058,117 "," 3,841,911 "
2022,Quarter 1,Montreal,CBC/SRC,French," 68,152,269 "," 3,841,911 "
2022,Quarter 1,Montreal,Non-Commercial,French, -   ," 3,841,911 "
2022,Quarter 1,Montreal,Non-Commercial,English," 429,678 "," 3,841,911 "
2022,Quarter 1,Montreal,Private Commercial,English," 106,513,816 "," 3,841,911 "
2022,Quarter 1,Montreal,Private Commercial,French," 204,218,331 "," 3,841,911 "
2022,Quarter 1,Toronto,CBC/SRC,French," 1,176,255 "," 5,855,921 "
2022,Quarter 1,Toronto,CBC/SRC,English," 88,960,867 "," 5,855,921 "
2022,Quarter 1,Toronto,Non-Commercial,French, -   ," 5,855,921 "
2022,Quarter 1,Toronto,Non-Commercial,English," 9,838,847 "," 5,855,921 "
2022,Quarter 1,Toronto,Private Commercial,French," 45,352 "," 5,855,921 "
2022,Quarter 1,Toronto,Private Commercial,English," 420,244,007 "," 5,855,921 "
2022,Quarter 1,Vancouver,CBC/SRC,French," 616,817 "," 2,460,809 "
2022,Quarter 1,Vancouver,CBC/SRC,English," 31,105,242 "," 2,460,809 "
2022,Quarter 1,Vancouver,Non-Commercial,French, -   ," 2,460,809 "
2022,Quarter 1,Vancouver,Non-Commercial,English," 2,765 "," 2,460,809 "
2022,Quarter 1,Vancouver,Private Commercial,French, 238 ," 2,460,809 "
2022,Quarter 1,Vancouver,Private Commercial,English," 150,501,256 "," 2,460,809 "
2022,Quarter 2,Calgary,CBC/SRC,French," 439,769 "," 1,352,807 "
2022,Quarter 2,Calgary,CBC/SRC,English," 19,430,202 "," 1,352,807 "
2022,Quarter 2,Calgary,Non-Commercial,French, -   ," 1,352,807 "
2022,Quarter 2,Calgary,Non-Commercial,English, 610 ," 1,352,807 "
2022,Quarter 2,Calgary,Private Commercial,French, 144 ," 1,352,807 "
2022,Quarter 2,Calgary,Private Commercial,English," 87,157,829 "," 1,352,807 "
2022,Quarter 2,Edmonton,CBC/SRC,French," 305,183 "," 1,291,955 "
2022,Quarter 2,Edmonton,CBC/SRC,English," 10,381,770 "," 1,291,955 "
2022,Quarter 2,Edmonton,Non-Commercial,French, -   ," 1,291,955 "
2022,Quarter 2,Edmonton,Non-Commercial,English, 32 ," 1,291,955 "
2022,Quarter 2,Edmonton,Private Commercial,French, 40 ," 1,291,955 "
2022,Quarter 2,Edmonton,Private Commercial,English," 88,061,137 "," 1,291,955 "
2022,Quarter 2,Montreal,CBC/SRC,English," 16,540,955 "," 3,841,823 "
2022,Quarter 2,Montreal,CBC/SRC,French," 78,365,297 "," 3,841,823 "
2022,Quarter 2,Montreal,Non-Commercial,French, -   ," 3,841,823 "
2022,Quarter 2,Montreal,Non-Commercial,English," 272,462 "," 3,841,823 "
2022,Quarter 2,Montreal,Private Commercial,English," 95,540,375 "," 3,841,823 "
2022,Quarter 2,Montreal,Private Commercial,French," 189,797,234 "," 3,841,823 "
2022,Quarter 2,Toronto,CBC/SRC,French," 591,050 "," 5,855,930 "
2022,Quarter 2,Toronto,CBC/SRC,English," 93,133,350 "," 5,855,930 "
2022,Quarter 2,Toronto,Non-Commercial,French, -   ," 5,855,930 "
2022,Quarter 2,Toronto,Non-Commercial,English," 8,922,766 "," 5,855,930 "
2022,Quarter 2,Toronto,Private Commercial,French," 22,461 "," 5,855,930 "
2022,Quarter 2,Toronto,Private Commercial,English," 386,391,973 "," 5,855,930 "
2022,Quarter 2,Vancouver,CBC/SRC,French," 617,049 "," 2,460,671 "
2022,Quarter 2,Vancouver,CBC/SRC,English," 28,463,650 "," 2,460,671 "
2022,Quarter 2,Vancouver,Non-Commercial,French, -   ," 2,460,671 "
2022,Quarter 2,Vancouver,Non-Commercial,English, 498 ," 2,460,671 "
2022,Quarter 2,Vancouver,Private Commercial,French," 1,201 "," 2,460,671 "
2022,Quarter 2,Vancouver,Private Commercial,English," 127,796,443 "," 2,460,671 "
2022,Quarter 3,Calgary,CBC/SRC,French," 360,061 "," 1,352,788 "
2022,Quarter 3,Calgary,CBC/SRC,English," 15,673,548 "," 1,352,788 "
2022,Quarter 3,Calgary,Non-Commercial,French, -   ," 1,352,788 "
2022,Quarter 3,Calgary,Non-Commercial,English, -   ," 1,352,788 "
2022,Quarter 3,Calgary,Private Commercial,French, 132 ," 1,352,788 "
2022,Quarter 3,Calgary,Private Commercial,English," 94,090,052 "," 1,352,788 "
2022,Quarter 3,Edmonton,CBC/SRC,French," 498,645 "," 1,291,912 "
2022,Quarter 3,Edmonton,CBC/SRC,English," 9,856,625 "," 1,291,912 "
2022,Quarter 3,Edmonton,Non-Commercial,English, -   ," 1,291,912 "
2022,Quarter 3,Edmonton,Non-Commercial,French, -   ," 1,291,912 "
2022,Quarter 3,Edmonton,Private Commercial,French, 84 ," 1,291,912 "
2022,Quarter 3,Edmonton,Private Commercial,English," 92,288,135 "," 1,291,912 "
2022,Quarter 3,Montreal,CBC/SRC,English," 14,689,354 "," 3,841,889 "
2022,Quarter 3,Montreal,CBC/SRC,French," 75,317,404 "," 3,841,889 "
2022,Quarter 3,Montreal,Non-Commercial,French, -   ," 3,841,889 "
2022,Quarter 3,Montreal,Non-Commercial,English," 403,110 "," 3,841,889 "
2022,Quarter 3,Montreal,Private Commercial,English," 96,823,069 "," 3,841,889 "
2022,Quarter 3,Montreal,Private Commercial,French," 215,641,124 "," 3,841,889 "
2022,Quarter 3,Toronto,CBC/SRC,French," 2,002,723 "," 5,855,912 "
2022,Quarter 3,Toronto,CBC/SRC,English," 78,411,908 "," 5,855,912 "
2022,Quarter 3,Toronto,Non-Commercial,French, -   ," 5,855,912 "
2022,Quarter 3,Toronto,Non-Commercial,English," 8,439,162 "," 5,855,912 "
2022,Quarter 3,Toronto,Private Commercial,French," 50,859 "," 5,855,912 "
2022,Quarter 3,Toronto,Private Commercial,English," 382,206,498 "," 5,855,912 "
2022,Quarter 3,Vancouver,CBC/SRC,French," 694,419 "," 2,460,699 "
2022,Quarter 3,Vancouver,CBC/SRC,English," 26,950,939 "," 2,460,699 "
2022,Quarter 3,Vancouver,Non-Commercial,French, -   ," 2,460,699 "
2022,Quarter 3,Vancouver,Non-Commercial,English, -   ," 2,460,699 "
2022,Quarter 3,Vancouver,Private Commercial,French, 190 ," 2,460,699 "
2022,Quarter 3,Vancouver,Private Commercial,English," 129,693,504 "," 2,460,699 "
2022,Quarter 4,Calgary,CBC/SRC,French," 389,120 "," 1,353,898 "
2022,Quarter 4,Calgary,CBC/SRC,English," 13,486,984 "," 1,353,898 "
2022,Quarter 4,Calgary,Non-Commercial,French, -   ," 1,353,898 "
2022,Quarter 4,Calgary,Non-Commercial,English," 2,430 "," 1,353,898 "
2022,Quarter 4,Calgary,Private Commercial,French, -   ," 1,353,898 "
2022,Quarter 4,Calgary,Private Commercial,English," 99,527,568 "," 1,353,898 "
2022,Quarter 4,Edmonton,CBC/SRC,French," 466,777 "," 1,292,659 "
2022,Quarter 4,Edmonton,CBC/SRC,English," 9,717,354 "," 1,292,659 "
2022,Quarter 4,Edmonton,Non-Commercial,French, -   ," 1,292,659 "
2022,Quarter 4,Edmonton,Non-Commercial,English, 91 ," 1,292,659 "
2022,Quarter 4,Edmonton,Private Commercial,French, -   ," 1,292,659 "
2022,Quarter 4,Edmonton,Private Commercial,English," 97,286,252 "," 1,292,659 "
2022,Quarter 4,Montreal,CBC/SRC,English," 14,592,600 "," 3,842,924 "
2022,Quarter 4,Montreal,CBC/SRC,French," 73,862,387 "," 3,842,924 "
2022,Quarter 4,Montreal,Non-Commercial,French, -   ," 3,842,924 "
2022,Quarter 4,Montreal,Non-Commercial,English," 343,862 "," 3,842,924 "
2022,Quarter 4,Montreal,Private Commercial,English," 94,902,031 "," 3,842,924 "
2022,Quarter 4,Montreal,Private Commercial,French," 203,778,416 "," 3,842,924 "
2022,Quarter 4,Toronto,CBC/SRC,French," 604,752 "," 5,858,588 "
2022,Quarter 4,Toronto,CBC/SRC,English," 68,786,485 "," 5,858,588 "
2022,Quarter 4,Toronto,Non-Commercial,French, -   ," 5,858,588 "
2022,Quarter 4,Toronto,Non-Commercial,English," 8,947,239 "," 5,858,588 "
2022,Quarter 4,Toronto,Private Commercial,French," 133,429 "," 5,858,588 "
2022,Quarter 4,Toronto,Private Commercial,English," 389,325,540 "," 5,858,588 "
2022,Quarter 4,Vancouver,CBC/SRC,French," 775,265 "," 2,461,783 "
2022,Quarter 4,Vancouver,CBC/SRC,English," 23,250,385 "," 2,461,783 "
2022,Quarter 4,Vancouver,Non-Commercial,French, -   ," 2,461,783 "
2022,Quarter 4,Vancouver,Non-Commercial,English," 15,849 "," 2,461,783 "
2022,Quarter 4,Vancouver,Private Commercial,French," 2,878 "," 2,461,783 "
2022,Quarter 4,Vancouver,Private Commercial,English," 126,097,872 "," 2,461,783 "
2023,Quarter 1,Calgary,CBC/SRC,French," 328,217 "," 1,388,821 "
2023,Quarter 1,Calgary,CBC/SRC,English," 13,593,864 "," 1,388,821 "
2023,Quarter 1,Calgary,Non-Commercial,French, -   ," 1,388,821 "
2023,Quarter 1,Calgary,Non-Commercial,English, 43 ," 1,388,821 "
2023,Quarter 1,Calgary,Private Commercial,French, 219 ," 1,388,821 "
2023,Quarter 1,Calgary,Private Commercial,English," 93,240,985 "," 1,388,821 "
2023,Quarter 1,Edmonton,CBC/SRC,French," 281,186 "," 1,316,833 "
2023,Quarter 1,Edmonton,CBC/SRC,English," 9,715,406 "," 1,316,833 "
2023,Quarter 1,Edmonton,Non-Commercial,French, -   ," 1,316,833 "
2023,Quarter 1,Edmonton,Non-Commercial,English, -   ," 1,316,833 "
2023,Quarter 1,Edmonton,Private Commercial,French," 1,131 "," 1,316,833 "
2023,Quarter 1,Edmonton,Private Commercial,English," 93,861,818 "," 1,316,833 "
2023,Quarter 1,Montreal,CBC/SRC,English," 16,123,967 "," 3,876,948 "
2023,Quarter 1,Montreal,CBC/SRC,French," 81,920,379 "," 3,876,948 "
2023,Quarter 1,Montreal,Non-Commercial,French, -   ," 3,876,948 "
2023,Quarter 1,Montreal,Non-Commercial,English," 40,495 "," 3,876,948 "
2023,Quarter 1,Montreal,Private Commercial,English," 82,803,184 "," 3,876,948 "
2023,Quarter 1,Montreal,Private Commercial,French," 225,812,660 "," 3,876,948 "
2023,Quarter 1,Toronto,CBC/SRC,French," 726,296 "," 5,939,878 "
2023,Quarter 1,Toronto,CBC/SRC,English," 77,934,086 "," 5,939,878 "
2023,Quarter 1,Toronto,Non-Commercial,French, -   ," 5,939,878 "
2023,Quarter 1,Toronto,Non-Commercial,English," 9,665,405 "," 5,939,878 "
2023,Quarter 1,Toronto,Private Commercial,French," 3,924 "," 5,939,878 "
2023,Quarter 1,Toronto,Private Commercial,English," 387,650,003 "," 5,939,878 "
2023,Quarter 1,Vancouver,CBC/SRC,French," 1,049,743 "," 2,494,874 "
2023,Quarter 1,Vancouver,CBC/SRC,English," 25,103,400 "," 2,494,874 "
2023,Quarter 1,Vancouver,Non-Commercial,French, -   ," 2,494,874 "
2023,Quarter 1,Vancouver,Non-Commercial,English, 493 ," 2,494,874 "
2023,Quarter 1,Vancouver,Private Commercial,French," 3,762 "," 2,494,874 "
2023,Quarter 1,Vancouver,Private Commercial,English," 129,854,894 "," 2,494,874 "
2023,Quarter 2,Calgary,CBC/SRC,French," 248,347 "," 1,388,837 "
2023,Quarter 2,Calgary,CBC/SRC,English," 11,827,639 "," 1,388,837 "
2023,Quarter 2,Calgary,Non-Commercial,French, -   ," 1,388,837 "
2023,Quarter 2,Calgary,Non-Commercial,English, -   ," 1,388,837 "
2023,Quarter 2,Calgary,Private Commercial,French, 80 ," 1,388,837 "
2023,Quarter 2,Calgary,Private Commercial,English," 81,914,200 "," 1,388,837 "
2023,Quarter 2,Edmonton,CBC/SRC,French," 551,690 "," 1,316,853 "
2023,Quarter 2,Edmonton,CBC/SRC,English," 9,487,943 "," 1,316,853 "
2023,Quarter 2,Edmonton,Non-Commercial,French, -   ," 1,316,853 "
2023,Quarter 2,Edmonton,Non-Commercial,English, 25 ," 1,316,853 "
2023,Quarter 2,Edmonton,Private Commercial,French, -   ," 1,316,853 "
2023,Quarter 2,Edmonton,Private Commercial,English," 84,071,320 "," 1,316,853 "
2023,Quarter 2,Montreal,CBC/SRC,English," 15,215,492 "," 3,876,931 "
2023,Quarter 2,Montreal,CBC/SRC,French," 89,150,798 "," 3,876,931 "
2023,Quarter 2,Montreal,Non-Commercial,French, -   ," 3,876,931 "
2023,Quarter 2,Montreal,Non-Commercial,English," 24,586 "," 3,876,931 "
2023,Quarter 2,Montreal,Private Commercial,English," 85,744,785 "," 3,876,931 "
2023,Quarter 2,Montreal,Private Commercial,French," 217,302,833 "," 3,876,931 "
2023,Quarter 2,Toronto,CBC/SRC,French," 384,909 "," 5,939,927 "
2023,Quarter 2,Toronto,CBC/SRC,English," 71,556,803 "," 5,939,927 "
2023,Quarter 2,Toronto,Non-Commercial,French, -   ," 5,939,927 "
2023,Quarter 2,Toronto,Non-Commercial,English," 7,414,399 "," 5,939,927 "
2023,Quarter 2,Toronto,Private Commercial,French," 30,680 "," 5,939,927 "
2023,Quarter 2,Toronto,Private Commercial,English," 377,732,369 "," 5,939,927 "
2023,Quarter 2,Vancouver,CBC/SRC,French," 1,046,140 "," 2,494,842 "
2023,Quarter 2,Vancouver,CBC/SRC,English," 25,607,095 "," 2,494,842 "
2023,Quarter 2,Vancouver,Non-Commercial,French, -   ," 2,494,842 "
2023,Quarter 2,Vancouver,Non-Commercial,English," 1,392 "," 2,494,842 "
2023,Quarter 2,Vancouver,Private Commercial,French, 478 ," 2,494,842 "
2023,Quarter 2,Vancouver,Private Commercial,English," 123,027,614 "," 2,494,842 "
2023,Quarter 3,Calgary,CBC/SRC,French," 475,060 "," 1,388,851 "
2023,Quarter 3,Calgary,CBC/SRC,English," 13,312,914 "," 1,388,851 "
2023,Quarter 3,Calgary,Non-Commercial,French, -   ," 1,388,851 "
2023,Quarter 3,Calgary,Non-Commercial,English," 1,018 "," 1,388,851 "
2023,Quarter 3,Calgary,Private Commercial,French, 233 ," 1,388,851 "
2023,Quarter 3,Calgary,Private Commercial,English," 86,724,974 "," 1,388,851 "
2023,Quarter 3,Edmonton,CBC/SRC,French," 655,287 "," 1,316,905 "
2023,Quarter 3,Edmonton,CBC/SRC,English," 11,138,124 "," 1,316,905 "
2023,Quarter 3,Edmonton,Non-Commercial,French, -   ," 1,316,905 "
2023,Quarter 3,Edmonton,Non-Commercial,English, 273 ," 1,316,905 "
2023,Quarter 3,Edmonton,Private Commercial,French, 352 ," 1,316,905 "
2023,Quarter 3,Edmonton,Private Commercial,English," 88,882,091 "," 1,316,905 "
2023,Quarter 3,Montreal,CBC/SRC,English," 15,194,275 "," 3,876,899 "
2023,Quarter 3,Montreal,CBC/SRC,French," 83,919,609 "," 3,876,899 "
2023,Quarter 3,Montreal,Non-Commercial,French, -   ," 3,876,899 "
2023,Quarter 3,Montreal,Non-Commercial,English," 44,441 "," 3,876,899 "
2023,Quarter 3,Montreal,Private Commercial,English," 86,652,958 "," 3,876,899 "
2023,Quarter 3,Montreal,Private Commercial,French," 239,630,728 "," 3,876,899 "
2023,Quarter 3,Toronto,CBC/SRC,French," 615,572 "," 5,939,882 "
2023,Quarter 3,Toronto,CBC/SRC,English," 68,431,404 "," 5,939,882 "
2023,Quarter 3,Toronto,Non-Commercial,French, -   ," 5,939,882 "
2023,Quarter 3,Toronto,Non-Commercial,English," 7,339,878 "," 5,939,882 "
2023,Quarter 3,Toronto,Private Commercial,French," 64,085 "," 5,939,882 "
2023,Quarter 3,Toronto,Private Commercial,English," 377,177,443 "," 5,939,882 "
2023,Quarter 3,Vancouver,CBC/SRC,French," 1,417,731 "," 2,494,818 "
2023,Quarter 3,Vancouver,CBC/SRC,English," 23,494,941 "," 2,494,818 "
2023,Quarter 3,Vancouver,Non-Commercial,French, -   ," 2,494,818 "
2023,Quarter 3,Vancouver,Non-Commercial,English," 1,541 "," 2,494,818 "
2023,Quarter 3,Vancouver,Private Commercial,French," 11,369 "," 2,494,818 "
2023,Quarter 3,Vancouver,Private Commercial,English," 123,138,164 "," 2,494,818 "
2023,Quarter 4,Calgary,CBC/SRC,French," 293,755 "," 1,390,481 "
2023,Quarter 4,Calgary,CBC/SRC,English," 12,216,465 "," 1,390,481 "
2023,Quarter 4,Calgary,Non-Commercial,English, -   ," 1,390,481 "
2023,Quarter 4,Calgary,Non-Commercial,French, -   ," 1,390,481 "
2023,Quarter 4,Calgary,Private Commercial,French," 13,680 "," 1,390,481 "
2023,Quarter 4,Calgary,Private Commercial,English," 81,864,336 "," 1,390,481 "
2023,Quarter 4,Edmonton,CBC/SRC,French," 690,976 "," 1,317,941 "
2023,Quarter 4,Edmonton,CBC/SRC,English," 11,947,608 "," 1,317,941 "
2023,Quarter 4,Edmonton,Non-Commercial,French, -   ," 1,317,941 "
2023,Quarter 4,Edmonton,Non-Commercial,English, 731 ," 1,317,941 "
2023,Quarter 4,Edmonton,Private Commercial,French," 1,755 "," 1,317,941 "
2023,Quarter 4,Edmonton,Private Commercial,English," 85,537,258 "," 1,317,941 "
2023,Quarter 4,Montreal,CBC/SRC,English," 13,504,744 "," 3,879,964 "
2023,Quarter 4,Montreal,CBC/SRC,French," 79,791,858 "," 3,879,964 "
2023,Quarter 4,Montreal,Non-Commercial,French, -   ," 3,879,964 "
2023,Quarter 4,Montreal,Non-Commercial,English," 9,820 "," 3,879,964 "
2023,Quarter 4,Montreal,Private Commercial,English," 91,953,673 "," 3,879,964 "
2023,Quarter 4,Montreal,Private Commercial,French," 209,717,921 "," 3,879,964 "
2023,Quarter 4,Toronto,CBC/SRC,French," 986,354 "," 5,946,072 "
2023,Quarter 4,Toronto,CBC/SRC,English," 63,187,262 "," 5,946,072 "
2023,Quarter 4,Toronto,Non-Commercial,French, -   ," 5,946,072 "
2023,Quarter 4,Toronto,Non-Commercial,English," 6,035,171 "," 5,946,072 "
2023,Quarter 4,Toronto,Private Commercial,French," 24,440 "," 5,946,072 "
2023,Quarter 4,Toronto,Private Commercial,English," 392,485,774 "," 5,946,072 "
2023,Quarter 4,Vancouver,CBC/SRC,French," 1,147,411 "," 2,498,233 "
2023,Quarter 4,Vancouver,CBC/SRC,English," 22,511,862 "," 2,498,233 "
2023,Quarter 4,Vancouver,Non-Commercial,French, -   ," 2,498,233 "
2023,Quarter 4,Vancouver,Non-Commercial,English," 2,321 "," 2,498,233 "
2023,Quarter 4,Vancouver,Private Commercial,French," 39,241 "," 2,498,233 "
2023,Quarter 4,Vancouver,Private Commercial,English," 121,807,645 "," 2,498,233 "
2024,Quarter 1,Calgary,CBC/SRC,French," 377,660 "," 1,426,878 "
2024,Quarter 1,Calgary,CBC/SRC,English," 14,670,498 "," 1,426,878 "
2024,Quarter 1,Calgary,Non-Commercial,French, -   ," 1,426,878 "
2024,Quarter 1,Calgary,Non-Commercial,English," 9,323 "," 1,426,878 "
2024,Quarter 1,Calgary,Private Commercial,French," 4,187 "," 1,426,878 "
2024,Quarter 1,Calgary,Private Commercial,English," 79,026,031 "," 1,426,878 "
2024,Quarter 1,Edmonton,CBC/SRC,French," 513,355 "," 1,340,863 "
2024,Quarter 1,Edmonton,CBC/SRC,English," 11,382,360 "," 1,340,863 "
2024,Quarter 1,Edmonton,Non-Commercial,French, -   ," 1,340,863 "
2024,Quarter 1,Edmonton,Non-Commercial,English, 242 ," 1,340,863 "
2024,Quarter 1,Edmonton,Private Commercial,French, 987 ," 1,340,863 "
2024,Quarter 1,Edmonton,Private Commercial,English," 87,311,714 "," 1,340,863 "
2024,Quarter 1,Montreal,CBC/SRC,English," 16,793,758 "," 3,947,863 "
2024,Quarter 1,Montreal,CBC/SRC,French," 90,637,434 "," 3,947,863 "
2024,Quarter 1,Montreal,Non-Commercial,French, -   ," 3,947,863 "
2024,Quarter 1,Montreal,Non-Commercial,English," 5,689 "," 3,947,863 "
2024,Quarter 1,Montreal,Private Commercial,English," 87,874,076 "," 3,947,863 "
2024,Quarter 1,Montreal,Private Commercial,French," 206,413,848 "," 3,947,863 "
2024,Quarter 1,Toronto,CBC/SRC,French," 1,734,071 "," 6,083,934 "
2024,Quarter 1,Toronto,CBC/SRC,English," 76,270,373 "," 6,083,934 "
2024,Quarter 1,Toronto,Non-Commercial,French, -   ," 6,083,934 "
2024,Quarter 1,Toronto,Non-Commercial,English," 6,490,829 "," 6,083,934 "
2024,Quarter 1,Toronto,Private Commercial,French," 68,209 "," 6,083,934 "
2024,Quarter 1,Toronto,Private Commercial,English," 390,993,737 "," 6,083,934 "
2024,Quarter 1,Vancouver,CBC/SRC,French," 1,951,506 "," 2,573,923 "
2024,Quarter 1,Vancouver,CBC/SRC,English," 23,164,110 "," 2,573,923 "
2024,Quarter 1,Vancouver,Non-Commercial,French, -   ," 2,573,923 "
2024,Quarter 1,Vancouver,Non-Commercial,English, 448 ," 2,573,923 "
2024,Quarter 1,Vancouver,Private Commercial,French, 313 ," 2,573,923 "
2024,Quarter 1,Vancouver,Private Commercial,English," 121,892,116 "," 2,573,923 "
2024,Quarter 2,Calgary,CBC/SRC,French," 471,678 "," 1,426,862 "
2024,Quarter 2,Calgary,CBC/SRC,English," 13,815,788 "," 1,426,862 "
2024,Quarter 2,Calgary,Non-Commercial,English, -   ," 1,426,862 "
2024,Quarter 2,Calgary,Non-Commercial,French, -   ," 1,426,862 "
2024,Quarter 2,Calgary,Private Commercial,French, 192 ," 1,426,862 "
2024,Quarter 2,Calgary,Private Commercial,English," 72,043,738 "," 1,426,862 "
2024,Quarter 2,Edmonton,CBC/SRC,French," 318,180 "," 1,340,849 "
2024,Quarter 2,Edmonton,CBC/SRC,English," 11,305,144 "," 1,340,849 "
2024,Quarter 2,Edmonton,Non-Commercial,French, -   ," 1,340,849 "
2024,Quarter 2,Edmonton,Non-Commercial,English, 382 ," 1,340,849 "
2024,Quarter 2,Edmonton,Private Commercial,French," 9,037 "," 1,340,849 "
2024,Quarter 2,Edmonton,Private Commercial,English," 84,661,935 "," 1,340,849 "
2024,Quarter 2,Montreal,CBC/SRC,English," 15,103,731 "," 3,947,860 "
2024,Quarter 2,Montreal,CBC/SRC,French," 83,047,967 "," 3,947,860 "
2024,Quarter 2,Montreal,Non-Commercial,French, -   ," 3,947,860 "
2024,Quarter 2,Montreal,Non-Commercial,English," 34,030 "," 3,947,860 "
2024,Quarter 2,Montreal,Private Commercial,English," 86,182,016 "," 3,947,860 "
2024,Quarter 2,Montreal,Private Commercial,French," 204,098,496 "," 3,947,860 "
2024,Quarter 2,Toronto,CBC/SRC,French," 672,488 "," 6,083,945 "
2024,Quarter 2,Toronto,CBC/SRC,English," 81,687,746 "," 6,083,945 "
2024,Quarter 2,Toronto,Non-Commercial,French, -   ," 6,083,945 "
2024,Quarter 2,Toronto,Non-Commercial,English," 7,064,951 "," 6,083,945 "
2024,Quarter 2,Toronto,Private Commercial,French," 25,515 "," 6,083,945 "
2024,Quarter 2,Toronto,Private Commercial,English," 375,200,422 "," 6,083,945 "
2024,Quarter 2,Vancouver,CBC/SRC,French," 1,367,247 "," 2,573,880 "
2024,Quarter 2,Vancouver,CBC/SRC,English," 24,820,822 "," 2,573,880 "
2024,Quarter 2,Vancouver,Non-Commercial,French, -   ," 2,573,880 "
2024,Quarter 2,Vancouver,Non-Commercial,English," 1,567 "," 2,573,880 "
2024,Quarter 2,Vancouver,Private Commercial,French, 210 ," 2,573,880 "
2024,Quarter 2,Vancouver,Private Commercial,English," 122,644,155 "," 2,573,880 "
2024,Quarter 3,Calgary,CBC/SRC,French," 746,357 "," 1,426,853 "
2024,Quarter 3,Calgary,CBC/SRC,English," 18,288,979 "," 1,426,853 "
2024,Quarter 3,Calgary,Non-Commercial,French, -   ," 1,426,853 "
2024,Quarter 3,Calgary,Non-Commercial,English," 7,527 "," 1,426,853 "
2024,Quarter 3,Calgary,Private Commercial,French," 2,834 "," 1,426,853 "
2024,Quarter 3,Calgary,Private Commercial,English," 69,631,524 "," 1,426,853 "
2024,Quarter 3,Edmonton,CBC/SRC,French," 263,387 "," 1,340,823 "
2024,Quarter 3,Edmonton,CBC/SRC,English," 11,457,725 "," 1,340,823 "
2024,Quarter 3,Edmonton,Non-Commercial,French, -   ," 1,340,823 "
2024,Quarter 3,Edmonton,Non-Commercial,English, 218 ," 1,340,823 "
2024,Quarter 3,Edmonton,Private Commercial,French," 4,037 "," 1,340,823 "
2024,Quarter 3,Edmonton,Private Commercial,English," 91,147,884 "," 1,340,823 "
2024,Quarter 3,Montreal,CBC/SRC,English," 13,816,734 "," 3,947,870 "
2024,Quarter 3,Montreal,CBC/SRC,French," 84,627,312 "," 3,947,870 "
2024,Quarter 3,Montreal,Non-Commercial,French, -   ," 3,947,870 "
2024,Quarter 3,Montreal,Non-Commercial,English," 17,628 "," 3,947,870 "
2024,Quarter 3,Montreal,Private Commercial,English," 91,725,264 "," 3,947,870 "
2024,Quarter 3,Montreal,Private Commercial,French," 207,805,033 "," 3,947,870 "
2024,Quarter 3,Toronto,CBC/SRC,French," 549,769 "," 6,083,841 "
2024,Quarter 3,Toronto,CBC/SRC,English," 75,583,574 "," 6,083,841 "
2024,Quarter 3,Toronto,Non-Commercial,French, -   ," 6,083,841 "
2024,Quarter 3,Toronto,Non-Commercial,English," 7,172,453 "," 6,083,841 "
2024,Quarter 3,Toronto,Private Commercial,French," 37,313 "," 6,083,841 "
2024,Quarter 3,Toronto,Private Commercial,English," 379,895,148 "," 6,083,841 "
2024,Quarter 3,Vancouver,CBC/SRC,French," 1,137,458 "," 2,573,876 "
2024,Quarter 3,Vancouver,CBC/SRC,English," 23,859,407 "," 2,573,876 "
2024,Quarter 3,Vancouver,Non-Commercial,French, -   ," 2,573,876 "
2024,Quarter 3,Vancouver,Non-Commercial,English, -   ," 2,573,876 "
2024,Quarter 3,Vancouver,Private Commercial,French," 3,454 "," 2,573,876 "
2024,Quarter 3,Vancouver,Private Commercial,English," 136,797,222 "," 2,573,876 "
2024,Quarter 4,Calgary,CBC/SRC,French," 633,970 "," 1,429,473 "
2024,Quarter 4,Calgary,CBC/SRC,English," 17,261,681 "," 1,429,473 "
2024,Quarter 4,Calgary,Non-Commercial,French, -   ," 1,429,473 "
2024,Quarter 4,Calgary,Non-Commercial,English, -   ," 1,429,473 "
2024,Quarter 4,Calgary,Private Commercial,French," 4,155 "," 1,429,473 "
2024,Quarter 4,Calgary,Private Commercial,English," 72,885,969 "," 1,429,473 "
2024,Quarter 4,Edmonton,CBC/SRC,French," 562,292 "," 1,344,191 "
2024,Quarter 4,Edmonton,CBC/SRC,English," 10,215,503 "," 1,344,191 "
2024,Quarter 4,Edmonton,Non-Commercial,French, -   ," 1,344,191 "
2024,Quarter 4,Edmonton,Non-Commercial,English, 387 ," 1,344,191 "
2024,Quarter 4,Edmonton,Private Commercial,French," 9,072 "," 1,344,191 "
2024,Quarter 4,Edmonton,Private Commercial,English," 84,973,998 "," 1,344,191 "
2024,Quarter 4,Montreal,CBC/SRC,English," 12,847,760 "," 3,949,344 "
2024,Quarter 4,Montreal,CBC/SRC,French," 75,332,528 "," 3,949,344 "
2024,Quarter 4,Montreal,Non-Commercial,French, -   ," 3,949,344 "
2024,Quarter 4,Montreal,Non-Commercial,English," 9,573 "," 3,949,344 "
2024,Quarter 4,Montreal,Private Commercial,English," 86,458,319 "," 3,949,344 "
2024,Quarter 4,Montreal,Private Commercial,French," 201,938,748 "," 3,949,344 "
2024,Quarter 4,Toronto,CBC/SRC,French," 483,983 "," 6,097,366 "
2024,Quarter 4,Toronto,CBC/SRC,English," 64,317,652 "," 6,097,366 "
2024,Quarter 4,Toronto,Non-Commercial,French, -   ," 6,097,366 "
2024,Quarter 4,Toronto,Non-Commercial,English," 8,067,390 "," 6,097,366 "
2024,Quarter 4,Toronto,Private Commercial,French," 202,136 "," 6,097,366 "
2024,Quarter 4,Toronto,Private Commercial,English," 387,113,504 "," 6,097,366 "
2024,Quarter 4,Vancouver,CBC/SRC,French," 736,853 "," 2,585,763 "
2024,Quarter 4,Vancouver,CBC/SRC,English," 22,386,243 "," 2,585,763 "
2024,Quarter 4,Vancouver,Non-Commercial,French, -   ," 2,585,763 "
2024,Quarter 4,Vancouver,Non-Commercial,English, -   ," 2,585,763 "
2024,Quarter 4,Vancouver,Private Commercial,French," 5,745 "," 2,585,763 "
2024,Quarter 4,Vancouver,Private Commercial,English," 130,131,767 "," 2,585,763 "
2025,Quarter 1,Calgary,CBC/SRC,French," 1,203,366 "," 1,466,871 "
2025,Quarter 1,Calgary,CBC/SRC,English," 14,873,978 "," 1,466,871 "
2025,Quarter 1,Calgary,Non-Commercial,English, -   ," 1,466,871 "
2025,Quarter 1,Calgary,Non-Commercial,French, -   ," 1,466,871 "
2025,Quarter 1,Calgary,Private Commercial,French, 18 ," 1,466,871 "
2025,Quarter 1,Calgary,Private Commercial,English," 82,366,013 "," 1,466,871 "
2025,Quarter 1,Edmonton,CBC/SRC,French," 872,539 "," 1,392,815 "
2025,Quarter 1,Edmonton,CBC/SRC,English," 10,056,092 "," 1,392,815 "
2025,Quarter 1,Edmonton,Non-Commercial,French, -   ," 1,392,815 "
2025,Quarter 1,Edmonton,Non-Commercial,English, 84 ," 1,392,815 "
2025,Quarter 1,Edmonton,Private Commercial,French," 55,901 "," 1,392,815 "
2025,Quarter 1,Edmonton,Private Commercial,English," 82,487,877 "," 1,392,815 "
2025,Quarter 1,Montreal,CBC/SRC,English," 13,779,909 "," 3,969,933 "
2025,Quarter 1,Montreal,CBC/SRC,French," 78,242,297 "," 3,969,933 "
2025,Quarter 1,Montreal,Non-Commercial,French, -   ," 3,969,933 "
2025,Quarter 1,Montreal,Non-Commercial,English," 2,887 "," 3,969,933 "
2025,Quarter 1,Montreal,Private Commercial,English," 84,598,232 "," 3,969,933 "
2025,Quarter 1,Montreal,Private Commercial,French," 180,706,008 "," 3,969,933 "
2025,Quarter 1,Toronto,CBC/SRC,French," 1,030,406 "," 6,292,897 "
2025,Quarter 1,Toronto,CBC/SRC,English," 64,638,354 "," 6,292,897 "
2025,Quarter 1,Toronto,Non-Commercial,French, -   ," 6,292,897 "
2025,Quarter 1,Toronto,Non-Commercial,English," 8,087,015 "," 6,292,897 "
2025,Quarter 1,Toronto,Private Commercial,French," 484,712 "," 6,292,897 "
2025,Quarter 1,Toronto,Private Commercial,English," 381,364,720 "," 6,292,897 "
2025,Quarter 1,Vancouver,CBC/SRC,French," 1,544,072 "," 2,757,838 "
2025,Quarter 1,Vancouver,CBC/SRC,English," 21,929,318 "," 2,757,838 "
2025,Quarter 1,Vancouver,Non-Commercial,French, -   ," 2,757,838 "
2025,Quarter 1,Vancouver,Non-Commercial,English," 1,774 "," 2,757,838 "
2025,Quarter 1,Vancouver,Private Commercial,French," 1,563 "," 2,757,838 "
2025,Quarter 1,Vancouver,Private Commercial,English," 137,846,900 "," 2,757,838 "
2025,Quarter 2,Calgary,CBC/SRC,French," 978,531 "," 1,466,893 "
2025,Quarter 2,Calgary,CBC/SRC,English," 17,359,594 "," 1,466,893 "
2025,Quarter 2,Calgary,Non-Commercial,French, -   ," 1,466,893 "
2025,Quarter 2,Calgary,Non-Commercial,English, 77 ," 1,466,893 "
2025,Quarter 2,Calgary,Private Commercial,French," 2,359 "," 1,466,893 "
2025,Quarter 2,Calgary,Private Commercial,English," 75,801,024 "," 1,466,893 "
2025,Quarter 2,Edmonton,CBC/SRC,French," 1,267,809 "," 1,392,861 "
2025,Quarter 2,Edmonton,CBC/SRC,English," 10,117,741 "," 1,392,861 "
2025,Quarter 2,Edmonton,Non-Commercial,French, -   ," 1,392,861 "
2025,Quarter 2,Edmonton,Non-Commercial,English, 651 ," 1,392,861 "
2025,Quarter 2,Edmonton,Private Commercial,French," 83,612 "," 1,392,861 "
2025,Quarter 2,Edmonton,Private Commercial,English," 75,078,379 "," 1,392,861 "
2025,Quarter 2,Montreal,CBC/SRC,English," 12,957,556 "," 3,969,956 "
2025,Quarter 2,Montreal,CBC/SRC,French," 85,061,332 "," 3,969,956 "
2025,Quarter 2,Montreal,Non-Commercial,French, -   ," 3,969,956 "
2025,Quarter 2,Montreal,Non-Commercial,English," 1,515 "," 3,969,956 "
2025,Quarter 2,Montreal,Private Commercial,English," 78,802,480 "," 3,969,956 "
2025,Quarter 2,Montreal,Private Commercial,French," 172,581,507 "," 3,969,956 "
2025,Quarter 2,Toronto,CBC/SRC,French," 1,042,521 "," 6,292,904 "
2025,Quarter 2,Toronto,CBC/SRC,English," 61,331,555 "," 6,292,904 "
2025,Quarter 2,Toronto,Non-Commercial,French, -   ," 6,292,904 "
2025,Quarter 2,Toronto,Non-Commercial,English," 6,166,468 "," 6,292,904 "
2025,Quarter 2,Toronto,Private Commercial,French," 1,022,908 "," 6,292,904 "
2025,Quarter 2,Toronto,Private Commercial,English," 363,161,571 "," 6,292,904 "
2025,Quarter 2,Vancouver,CBC/SRC,French," 1,822,311 "," 2,757,816 "
2025,Quarter 2,Vancouver,CBC/SRC,English," 29,231,620 "," 2,757,816 "
2025,Quarter 2,Vancouver,Non-Commercial,French, -   ," 2,757,816 "
2025,Quarter 2,Vancouver,Non-Commercial,English," 2,197 "," 2,757,816 "
2025,Quarter 2,Vancouver,Private Commercial,French, 211 ," 2,757,816 "
2025,Quarter 2,Vancouver,Private Commercial,English," 123,960,036 "," 2,757,816 "
2025,Quarter 3,Calgary,CBC/SRC,French," 778,986 "," 1,466,912 "
2025,Quarter 3,Calgary,CBC/SRC,English," 17,751,950 "," 1,466,912 "
2025,Quarter 3,Calgary,Non-Commercial,French, -   ," 1,466,912 "
2025,Quarter 3,Calgary,Non-Commercial,English, -   ," 1,466,912 "
2025,Quarter 3,Calgary,Private Commercial,French, 469 ," 1,466,912 "
2025,Quarter 3,Calgary,Private Commercial,English," 77,513,810 "," 1,466,912 "
2025,Quarter 3,Edmonton,CBC/SRC,French," 1,192,798 "," 1,392,887 "
2025,Quarter 3,Edmonton,CBC/SRC,English," 11,583,387 "," 1,392,887 "
2025,Quarter 3,Edmonton,Non-Commercial,French, -   ," 1,392,887 "
2025,Quarter 3,Edmonton,Non-Commercial,English, -   ," 1,392,887 "
2025,Quarter 3,Edmonton,Private Commercial,French," 110,271 "," 1,392,887 "
2025,Quarter 3,Edmonton,Private Commercial,English," 80,381,466 "," 1,392,887 "
2025,Quarter 3,Montreal,CBC/SRC,English," 13,135,391 "," 3,969,947 "
2025,Quarter 3,Montreal,CBC/SRC,French," 87,358,905 "," 3,969,947 "
2025,Quarter 3,Montreal,Non-Commercial,French, -   ," 3,969,947 "
2025,Quarter 3,Montreal,Non-Commercial,English, 237 ," 3,969,947 "
2025,Quarter 3,Montreal,Private Commercial,English," 84,545,335 "," 3,969,947 "
2025,Quarter 3,Montreal,Private Commercial,French," 175,356,323 "," 3,969,947 "
2025,Quarter 3,Toronto,CBC/SRC,French," 332,179 "," 6,292,942 "
2025,Quarter 3,Toronto,CBC/SRC,English," 66,865,687 "," 6,292,942 "
2025,Quarter 3,Toronto,Non-Commercial,French, -   ," 6,292,942 "
2025,Quarter 3,Toronto,Non-Commercial,English," 8,746,266 "," 6,292,942 "
2025,Quarter 3,Toronto,Private Commercial,French," 843,045 "," 6,292,942 "
2025,Quarter 3,Toronto,Private Commercial,English," 368,128,313 "," 6,292,942 "
2025,Quarter 3,Vancouver,CBC/SRC,French," 1,657,422 "," 2,757,883 "
2025,Quarter 3,Vancouver,CBC/SRC,English," 31,871,360 "," 2,757,883 "
2025,Quarter 3,Vancouver,Non-Commercial,French, -   ," 2,757,883 "
2025,Quarter 3,Vancouver,Non-Commercial,English, 722 ," 2,757,883 "
2025,Quarter 3,Vancouver,Private Commercial,French," 1,209 "," 2,757,883 "
2025,Quarter 3,Vancouver,Private Commercial,English," 128,985,289 "," 2,757,883 "
