Broadcast Year,Broadcast Quarter,Market,Service Type,Broadcast Language,Total Quarterly Hours,Universe
2019, Quarter 1,Atlantic,Conventional ,English," 245,393,439 "," 2,359,000 "
2019, Quarter 1,Atlantic,Conventional ,French," 1,966,215 "," 2,359,000 "
2019, Quarter 1,Atlantic,Discretionary & On-Demand,English," 515,571,906 "," 2,359,000 "
2019, Quarter 1,Atlantic,Discretionary & On-Demand,Other," 12,626 "," 2,359,000 "
2019, Quarter 1,Atlantic,Discretionary & On-Demand,French," 2,978,336 "," 2,359,000 "
2019, Quarter 1,Atlantic,Non-Canadian & Other,English," 139,678,865 "," 2,359,000 "
2019, Quarter 1,Central,Conventional ,English," 230,846,091 "," 2,482,000 "
2019, Quarter 1,Central,Conventional ,French," 280,938 "," 2,482,000 "
2019, Quarter 1,Central,Discretionary & On-Demand,Other, 477 ," 2,482,000 "
2019, Quarter 1,Central,Discretionary & On-Demand,French," 110,468 "," 2,482,000 "
2019, Quarter 1,Central,Discretionary & On-Demand,English," 488,976,358 "," 2,482,000 "
2019, Quarter 1,Central,Non-Canadian & Other,English," 77,653,855 "," 2,482,000 "
2019, Quarter 1,Ontario,Conventional ,English," 1,270,233,389 "," 14,059,000 "
2019, Quarter 1,Ontario,Conventional ,French," 13,903,185 "," 14,059,000 "
2019, Quarter 1,Ontario,Discretionary & On-Demand,Other," 823,345 "," 14,059,000 "
2019, Quarter 1,Ontario,Discretionary & On-Demand,French," 8,521,959 "," 14,059,000 "
2019, Quarter 1,Ontario,Discretionary & On-Demand,English," 2,337,540,864 "," 14,059,000 "
2019, Quarter 1,Ontario,Non-Canadian & Other,English," 596,530,633 "," 14,059,000 "
2019, Quarter 1,Quebec,Conventional ,English," 138,958,071 "," 8,328,000 "
2019, Quarter 1,Quebec,Conventional ,French," 1,212,256,790 "," 8,328,000 "
2019, Quarter 1,Quebec,Discretionary & On-Demand,English," 229,937,340 "," 8,328,000 "
2019, Quarter 1,Quebec,Discretionary & On-Demand,French," 1,240,921,602 "," 8,328,000 "
2019, Quarter 1,Quebec,Discretionary & On-Demand,Other," 2,431 "," 8,328,000 "
2019, Quarter 1,Quebec,Non-Canadian & Other,English," 96,080,819 "," 8,328,000 "
2019, Quarter 1,West,Conventional ,French," 913,676 "," 9,149,000 "
2019, Quarter 1,West,Conventional ,English," 817,064,798 "," 9,149,000 "
2019, Quarter 1,West,Discretionary & On-Demand,French," 9,223,612 "," 9,149,000 "
2019, Quarter 1,West,Discretionary & On-Demand,English," 1,392,366,488 "," 9,149,000 "
2019, Quarter 1,West,Discretionary & On-Demand,Other," 949,760 "," 9,149,000 "
2019, Quarter 1,West,Non-Canadian & Other,English," 354,463,776 "," 9,149,000 "
2019, Quarter 2,Atlantic,Conventional ,French," 3,005,008 "," 2,359,000 "
2019, Quarter 2,Atlantic,Conventional ,English," 267,146,546 "," 2,359,000 "
2019, Quarter 2,Atlantic,Discretionary & On-Demand,French," 2,656,032 "," 2,359,000 "
2019, Quarter 2,Atlantic,Discretionary & On-Demand,English," 535,736,091 "," 2,359,000 "
2019, Quarter 2,Atlantic,Non-Canadian & Other,English," 112,458,168 "," 2,359,000 "
2019, Quarter 2,Central,Conventional ,French," 246,430 "," 2,482,000 "
2019, Quarter 2,Central,Conventional ,English," 255,113,031 "," 2,482,000 "
2019, Quarter 2,Central,Discretionary & On-Demand,Other," 1,052 "," 2,482,000 "
2019, Quarter 2,Central,Discretionary & On-Demand,French," 72,968 "," 2,482,000 "
2019, Quarter 2,Central,Discretionary & On-Demand,English," 546,856,109 "," 2,482,000 "
2019, Quarter 2,Central,Non-Canadian & Other,English," 78,098,159 "," 2,482,000 "
2019, Quarter 2,Ontario,Conventional ,French," 14,624,096 "," 14,059,000 "
2019, Quarter 2,Ontario,Conventional ,English," 1,269,218,629 "," 14,059,000 "
2019, Quarter 2,Ontario,Discretionary & On-Demand,French," 10,767,193 "," 14,059,000 "
2019, Quarter 2,Ontario,Discretionary & On-Demand,English," 2,428,142,349 "," 14,059,000 "
2019, Quarter 2,Ontario,Discretionary & On-Demand,Other," 476,737 "," 14,059,000 "
2019, Quarter 2,Ontario,Non-Canadian & Other,English," 546,496,790 "," 14,059,000 "
2019, Quarter 2,Quebec,Conventional ,French," 1,304,884,715 "," 8,328,000 "
2019, Quarter 2,Quebec,Conventional ,English," 147,664,837 "," 8,328,000 "
2019, Quarter 2,Quebec,Discretionary & On-Demand,English," 230,890,149 "," 8,328,000 "
2019, Quarter 2,Quebec,Discretionary & On-Demand,French," 1,290,365,366 "," 8,328,000 "
2019, Quarter 2,Quebec,Non-Canadian & Other,English," 84,857,891 "," 8,328,000 "
2019, Quarter 2,West,Conventional ,English," 801,539,911 "," 9,149,000 "
2019, Quarter 2,West,Conventional ,French," 1,270,909 "," 9,149,000 "
2019, Quarter 2,West,Discretionary & On-Demand,Other," 1,178,807 "," 9,149,000 "
2019, Quarter 2,West,Discretionary & On-Demand,French," 2,433,514 "," 9,149,000 "
2019, Quarter 2,West,Discretionary & On-Demand,English," 1,373,524,075 "," 9,149,000 "
2019, Quarter 2,West,Non-Canadian & Other,English," 326,442,764 "," 9,149,000 "
2019, Quarter 3,Atlantic,Conventional ,English," 278,226,752 "," 2,359,000 "
2019, Quarter 3,Atlantic,Conventional ,French," 2,256,314 "," 2,359,000 "
2019, Quarter 3,Atlantic,Discretionary & On-Demand,English," 495,885,871 "," 2,359,000 "
2019, Quarter 3,Atlantic,Discretionary & On-Demand,French," 1,631,276 "," 2,359,000 "
2019, Quarter 3,Atlantic,Non-Canadian & Other,English," 114,447,948 "," 2,359,000 "
2019, Quarter 3,Central,Conventional ,English," 234,657,731 "," 2,482,000 "
2019, Quarter 3,Central,Conventional ,French," 310,839 "," 2,482,000 "
2019, Quarter 3,Central,Discretionary & On-Demand,French," 35,961 "," 2,482,000 "
2019, Quarter 3,Central,Discretionary & On-Demand,English," 519,205,645 "," 2,482,000 "
2019, Quarter 3,Central,Non-Canadian & Other,English," 97,510,028 "," 2,482,000 "
2019, Quarter 3,Ontario,Conventional ,English," 1,258,018,141 "," 14,059,000 "
2019, Quarter 3,Ontario,Conventional ,French," 19,823,478 "," 14,059,000 "
2019, Quarter 3,Ontario,Discretionary & On-Demand,Other," 514,931 "," 14,059,000 "
2019, Quarter 3,Ontario,Discretionary & On-Demand,French," 7,818,491 "," 14,059,000 "
2019, Quarter 3,Ontario,Discretionary & On-Demand,English," 2,489,801,587 "," 14,059,000 "
2019, Quarter 3,Ontario,Non-Canadian & Other,English," 535,718,754 "," 14,059,000 "
2019, Quarter 3,Quebec,Conventional ,English," 140,592,470 "," 8,328,000 "
2019, Quarter 3,Quebec,Conventional ,French," 1,188,097,460 "," 8,328,000 "
2019, Quarter 3,Quebec,Discretionary & On-Demand,English," 255,465,264 "," 8,328,000 "
2019, Quarter 3,Quebec,Discretionary & On-Demand,French," 1,252,271,747 "," 8,328,000 "
2019, Quarter 3,Quebec,Non-Canadian & Other,English," 93,055,871 "," 8,328,000 "
2019, Quarter 3,West,Conventional ,English," 760,786,821 "," 9,149,000 "
2019, Quarter 3,West,Conventional ,French," 1,643,063 "," 9,149,000 "
2019, Quarter 3,West,Discretionary & On-Demand,French," 1,878,438 "," 9,149,000 "
2019, Quarter 3,West,Discretionary & On-Demand,English," 1,298,208,843 "," 9,149,000 "
2019, Quarter 3,West,Discretionary & On-Demand,Other," 1,142,596 "," 9,149,000 "
2019, Quarter 3,West,Non-Canadian & Other,English," 311,009,584 "," 9,149,000 "
2019, Quarter 4,Atlantic,Conventional ,English," 195,302,232 "," 2,359,000 "
2019, Quarter 4,Atlantic,Conventional ,French," 1,726,167 "," 2,359,000 "
2019, Quarter 4,Atlantic,Discretionary & On-Demand,English," 435,279,541 "," 2,359,000 "
2019, Quarter 4,Atlantic,Discretionary & On-Demand,Other, 781 ," 2,359,000 "
2019, Quarter 4,Atlantic,Discretionary & On-Demand,French," 1,008,263 "," 2,359,000 "
2019, Quarter 4,Atlantic,Non-Canadian & Other,English," 127,775,998 "," 2,359,000 "
2019, Quarter 4,Central,Conventional ,French," 123,891 "," 2,482,000 "
2019, Quarter 4,Central,Conventional ,English," 191,364,981 "," 2,482,000 "
2019, Quarter 4,Central,Discretionary & On-Demand,English," 511,220,970 "," 2,482,000 "
2019, Quarter 4,Central,Discretionary & On-Demand,French," 5,399 "," 2,482,000 "
2019, Quarter 4,Central,Non-Canadian & Other,English," 102,975,607 "," 2,482,000 "
2019, Quarter 4,Ontario,Conventional ,French," 32,244,630 "," 14,059,000 "
2019, Quarter 4,Ontario,Conventional ,English," 1,006,674,185 "," 14,059,000 "
2019, Quarter 4,Ontario,Discretionary & On-Demand,English," 2,269,733,710 "," 14,059,000 "
2019, Quarter 4,Ontario,Discretionary & On-Demand,French," 7,756,304 "," 14,059,000 "
2019, Quarter 4,Ontario,Discretionary & On-Demand,Other," 415,620 "," 14,059,000 "
2019, Quarter 4,Ontario,Non-Canadian & Other,English," 534,173,383 "," 14,059,000 "
2019, Quarter 4,Quebec,Conventional ,French," 971,188,952 "," 8,328,000 "
2019, Quarter 4,Quebec,Conventional ,English," 112,055,120 "," 8,328,000 "
2019, Quarter 4,Quebec,Discretionary & On-Demand,Other," 1,572 "," 8,328,000 "
2019, Quarter 4,Quebec,Discretionary & On-Demand,French," 1,119,070,873 "," 8,328,000 "
2019, Quarter 4,Quebec,Discretionary & On-Demand,English," 229,017,557 "," 8,328,000 "
2019, Quarter 4,Quebec,Non-Canadian & Other,English," 86,566,367 "," 8,328,000 "
2019, Quarter 4,West,Conventional ,English," 648,538,511 "," 9,149,000 "
2019, Quarter 4,West,Conventional ,French," 1,215,316 "," 9,149,000 "
2019, Quarter 4,West,Discretionary & On-Demand,Other," 1,068,676 "," 9,149,000 "
2019, Quarter 4,West,Discretionary & On-Demand,English," 1,142,109,031 "," 9,149,000 "
2019, Quarter 4,West,Discretionary & On-Demand,French," 1,367,058 "," 9,149,000 "
2019, Quarter 4,West,Non-Canadian & Other,English," 317,220,023 "," 9,149,000 "
2020, Quarter 1,Atlantic,Conventional ,English," 240,833,371 "," 2,372,000 "
2020, Quarter 1,Atlantic,Conventional ,French," 3,255,333 "," 2,372,000 "
2020, Quarter 1,Atlantic,Discretionary & On-Demand,French," 2,628,662 "," 2,372,000 "
2020, Quarter 1,Atlantic,Discretionary & On-Demand,English," 512,224,658 "," 2,372,000 "
2020, Quarter 1,Atlantic,Discretionary & On-Demand,Other, 63 ," 2,372,000 "
2020, Quarter 1,Atlantic,Non-Canadian & Other,English," 142,727,005 "," 2,372,000 "
2020, Quarter 1,Central,Conventional ,English," 220,611,838 "," 2,540,000 "
2020, Quarter 1,Central,Conventional ,French," 84,701 "," 2,540,000 "
2020, Quarter 1,Central,Discretionary & On-Demand,French," 22,649 "," 2,540,000 "
2020, Quarter 1,Central,Discretionary & On-Demand,Other," 1,037 "," 2,540,000 "
2020, Quarter 1,Central,Discretionary & On-Demand,English," 560,880,272 "," 2,540,000 "
2020, Quarter 1,Central,Non-Canadian & Other,English," 113,078,386 "," 2,540,000 "
2020, Quarter 1,Ontario,Conventional ,English," 1,212,229,215 "," 14,282,000 "
2020, Quarter 1,Ontario,Conventional ,French," 32,299,492 "," 14,282,000 "
2020, Quarter 1,Ontario,Discretionary & On-Demand,French," 36,435,741 "," 14,282,000 "
2020, Quarter 1,Ontario,Discretionary & On-Demand,Other," 565,081 "," 14,282,000 "
2020, Quarter 1,Ontario,Discretionary & On-Demand,English," 2,404,876,167 "," 14,282,000 "
2020, Quarter 1,Ontario,Non-Canadian & Other,English," 590,179,473 "," 14,282,000 "
2020, Quarter 1,Quebec,Conventional ,French," 1,284,825,562 "," 8,400,000 "
2020, Quarter 1,Quebec,Conventional ,English," 132,418,275 "," 8,400,000 "
2020, Quarter 1,Quebec,Discretionary & On-Demand,French," 1,248,275,305 "," 8,400,000 "
2020, Quarter 1,Quebec,Discretionary & On-Demand,English," 250,852,242 "," 8,400,000 "
2020, Quarter 1,Quebec,Discretionary & On-Demand,Other," 3,682 "," 8,400,000 "
2020, Quarter 1,Quebec,Non-Canadian & Other,English," 95,900,231 "," 8,400,000 "
2020, Quarter 1,West,Conventional ,English," 716,633,311 "," 9,230,000 "
2020, Quarter 1,West,Conventional ,French," 1,226,161 "," 9,230,000 "
2020, Quarter 1,West,Discretionary & On-Demand,French," 1,157,179 "," 9,230,000 "
2020, Quarter 1,West,Discretionary & On-Demand,Other," 1,110,552 "," 9,230,000 "
2020, Quarter 1,West,Discretionary & On-Demand,English," 1,198,188,752 "," 9,230,000 "
2020, Quarter 1,West,Non-Canadian & Other,English," 314,168,330 "," 9,230,000 "
2020, Quarter 2,Atlantic,Conventional ,English," 252,819,422 "," 2,372,000 "
2020, Quarter 2,Atlantic,Conventional ,French," 7,628,826 "," 2,372,000 "
2020, Quarter 2,Atlantic,Discretionary & On-Demand,French," 4,897,481 "," 2,372,000 "
2020, Quarter 2,Atlantic,Discretionary & On-Demand,English," 525,449,526 "," 2,372,000 "
2020, Quarter 2,Atlantic,Non-Canadian & Other,English," 117,411,633 "," 2,372,000 "
2020, Quarter 2,Central,Conventional ,English," 248,512,225 "," 2,540,000 "
2020, Quarter 2,Central,Conventional ,French," 118,242 "," 2,540,000 "
2020, Quarter 2,Central,Discretionary & On-Demand,French," 14,434 "," 2,540,000 "
2020, Quarter 2,Central,Discretionary & On-Demand,English," 582,260,590 "," 2,540,000 "
2020, Quarter 2,Central,Non-Canadian & Other,English," 111,438,536 "," 2,540,000 "
2020, Quarter 2,Ontario,Conventional ,English," 1,235,632,819 "," 14,282,000 "
2020, Quarter 2,Ontario,Conventional ,French," 24,151,866 "," 14,282,000 "
2020, Quarter 2,Ontario,Discretionary & On-Demand,Other," 2,170,079 "," 14,282,000 "
2020, Quarter 2,Ontario,Discretionary & On-Demand,English," 2,407,615,240 "," 14,282,000 "
2020, Quarter 2,Ontario,Discretionary & On-Demand,French," 26,207,506 "," 14,282,000 "
2020, Quarter 2,Ontario,Non-Canadian & Other,English," 569,307,841 "," 14,282,000 "
2020, Quarter 2,Quebec,Conventional ,English," 146,207,071 "," 8,400,000 "
2020, Quarter 2,Quebec,Conventional ,French," 1,332,654,482 "," 8,400,000 "
2020, Quarter 2,Quebec,Discretionary & On-Demand,Other," 7,847 "," 8,400,000 "
2020, Quarter 2,Quebec,Discretionary & On-Demand,French," 1,265,338,456 "," 8,400,000 "
2020, Quarter 2,Quebec,Discretionary & On-Demand,English," 247,269,755 "," 8,400,000 "
2020, Quarter 2,Quebec,Non-Canadian & Other,English," 88,663,770 "," 8,400,000 "
2020, Quarter 2,West,Conventional ,English," 734,943,780 "," 9,230,000 "
2020, Quarter 2,West,Conventional ,French," 1,297,949 "," 9,230,000 "
2020, Quarter 2,West,Discretionary & On-Demand,Other," 1,192,396 "," 9,230,000 "
2020, Quarter 2,West,Discretionary & On-Demand,English," 1,259,343,309 "," 9,230,000 "
2020, Quarter 2,West,Discretionary & On-Demand,French," 1,659,807 "," 9,230,000 "
2020, Quarter 2,West,Non-Canadian & Other,English," 319,317,111 "," 9,230,000 "
2020, Quarter 3,Atlantic,Conventional ,French," 10,128,327 "," 2,372,000 "
2020, Quarter 3,Atlantic,Conventional ,English," 285,145,680 "," 2,372,000 "
2020, Quarter 3,Atlantic,Discretionary & On-Demand,French," 4,516,705 "," 2,372,000 "
2020, Quarter 3,Atlantic,Discretionary & On-Demand,English," 498,630,147 "," 2,372,000 "
2020, Quarter 3,Atlantic,Non-Canadian & Other,English," 136,221,386 "," 2,372,000 "
2020, Quarter 3,Central,Conventional ,French," 72,332 "," 2,540,000 "
2020, Quarter 3,Central,Conventional ,English," 273,339,463 "," 2,540,000 "
2020, Quarter 3,Central,Discretionary & On-Demand,English," 550,901,559 "," 2,540,000 "
2020, Quarter 3,Central,Discretionary & On-Demand,Other, 476 ," 2,540,000 "
2020, Quarter 3,Central,Discretionary & On-Demand,French," 5,041 "," 2,540,000 "
2020, Quarter 3,Central,Non-Canadian & Other,English," 133,253,039 "," 2,540,000 "
2020, Quarter 3,Ontario,Conventional ,French," 18,498,202 "," 14,282,000 "
2020, Quarter 3,Ontario,Conventional ,English," 1,328,444,026 "," 14,282,000 "
2020, Quarter 3,Ontario,Discretionary & On-Demand,French," 21,315,605 "," 14,282,000 "
2020, Quarter 3,Ontario,Discretionary & On-Demand,Other," 1,777,275 "," 14,282,000 "
2020, Quarter 3,Ontario,Discretionary & On-Demand,English," 2,350,610,184 "," 14,282,000 "
2020, Quarter 3,Ontario,Non-Canadian & Other,English," 706,279,231 "," 14,282,000 "
2020, Quarter 3,Quebec,Conventional ,French," 1,482,132,671 "," 8,400,000 "
2020, Quarter 3,Quebec,Conventional ,English," 146,508,331 "," 8,400,000 "
2020, Quarter 3,Quebec,Discretionary & On-Demand,French," 1,485,510,387 "," 8,400,000 "
2020, Quarter 3,Quebec,Discretionary & On-Demand,English," 241,697,618 "," 8,400,000 "
2020, Quarter 3,Quebec,Discretionary & On-Demand,Other, 679 ," 8,400,000 "
2020, Quarter 3,Quebec,Non-Canadian & Other,English," 118,342,298 "," 8,400,000 "
2020, Quarter 3,West,Conventional ,English," 832,528,772 "," 9,230,000 "
2020, Quarter 3,West,Conventional ,French," 1,190,537 "," 9,230,000 "
2020, Quarter 3,West,Discretionary & On-Demand,French," 1,224,066 "," 9,230,000 "
2020, Quarter 3,West,Discretionary & On-Demand,Other," 2,119,721 "," 9,230,000 "
2020, Quarter 3,West,Discretionary & On-Demand,English," 1,181,816,306 "," 9,230,000 "
2020, Quarter 3,West,Non-Canadian & Other,English," 373,363,325 "," 9,230,000 "
2020, Quarter 4,Atlantic,Conventional ,French," 4,607,550 "," 2,372,000 "
2020, Quarter 4,Atlantic,Conventional ,English," 188,149,304 "," 2,372,000 "
2020, Quarter 4,Atlantic,Discretionary & On-Demand,Other," 1,680 "," 2,372,000 "
2020, Quarter 4,Atlantic,Discretionary & On-Demand,English," 398,554,522 "," 2,372,000 "
2020, Quarter 4,Atlantic,Discretionary & On-Demand,French," 3,251,528 "," 2,372,000 "
2020, Quarter 4,Atlantic,Non-Canadian & Other,English," 136,875,900 "," 2,372,000 "
2020, Quarter 4,Central,Conventional ,English," 183,207,991 "," 2,540,000 "
2020, Quarter 4,Central,Conventional ,French," 48,970 "," 2,540,000 "
2020, Quarter 4,Central,Discretionary & On-Demand,English," 461,814,161 "," 2,540,000 "
2020, Quarter 4,Central,Discretionary & On-Demand,French," 25,883 "," 2,540,000 "
2020, Quarter 4,Central,Discretionary & On-Demand,Other, 204 ," 2,540,000 "
2020, Quarter 4,Central,Non-Canadian & Other,English," 118,179,915 "," 2,540,000 "
2020, Quarter 4,Ontario,Conventional ,French," 16,772,139 "," 14,282,000 "
2020, Quarter 4,Ontario,Conventional ,English," 864,488,483 "," 14,282,000 "
2020, Quarter 4,Ontario,Discretionary & On-Demand,English," 2,020,783,166 "," 14,282,000 "
2020, Quarter 4,Ontario,Discretionary & On-Demand,French," 16,957,191 "," 14,282,000 "
2020, Quarter 4,Ontario,Discretionary & On-Demand,Other," 1,686,057 "," 14,282,000 "
2020, Quarter 4,Ontario,Non-Canadian & Other,English," 641,695,527 "," 14,282,000 "
2020, Quarter 4,Quebec,Conventional ,English," 99,463,781 "," 8,400,000 "
2020, Quarter 4,Quebec,Conventional ,French," 976,732,243 "," 8,400,000 "
2020, Quarter 4,Quebec,Discretionary & On-Demand,French," 1,140,140,374 "," 8,400,000 "
2020, Quarter 4,Quebec,Discretionary & On-Demand,Other, 399 ," 8,400,000 "
2020, Quarter 4,Quebec,Discretionary & On-Demand,English," 216,222,900 "," 8,400,000 "
2020, Quarter 4,Quebec,Non-Canadian & Other,English," 112,743,059 "," 8,400,000 "
2020, Quarter 4,West,Conventional ,English," 603,226,027 "," 9,230,000 "
2020, Quarter 4,West,Conventional ,French," 1,101,107 "," 9,230,000 "
2020, Quarter 4,West,Discretionary & On-Demand,English," 1,073,737,733 "," 9,230,000 "
2020, Quarter 4,West,Discretionary & On-Demand,Other," 1,474,287 "," 9,230,000 "
2020, Quarter 4,West,Discretionary & On-Demand,French," 1,103,962 "," 9,230,000 "
2020, Quarter 4,West,Non-Canadian & Other,English," 329,593,413 "," 9,230,000 "
2021, Quarter 1,Atlantic,Conventional ,English," 205,351,928 "," 2,400,000 "
2021, Quarter 1,Atlantic,Conventional ,French," 4,402,105 "," 2,400,000 "
2021, Quarter 1,Atlantic,Discretionary & On-Demand,English," 429,495,498 "," 2,400,000 "
2021, Quarter 1,Atlantic,Discretionary & On-Demand,French," 3,103,873 "," 2,400,000 "
2021, Quarter 1,Atlantic,Non-Canadian & Other,English," 157,350,324 "," 2,400,000 "
2021, Quarter 1,Central,Conventional ,English," 241,681,416 "," 2,558,000 "
2021, Quarter 1,Central,Conventional ,French," 122,232 "," 2,558,000 "
2021, Quarter 1,Central,Discretionary & On-Demand,English," 472,496,749 "," 2,558,000 "
2021, Quarter 1,Central,Discretionary & On-Demand,Other, 335 ," 2,558,000 "
2021, Quarter 1,Central,Discretionary & On-Demand,French," 14,196 "," 2,558,000 "
2021, Quarter 1,Central,Non-Canadian & Other,English," 125,173,663 "," 2,558,000 "
2021, Quarter 1,Ontario,Conventional ,English," 1,044,940,165 "," 14,509,000 "
2021, Quarter 1,Ontario,Conventional ,French," 14,907,032 "," 14,509,000 "
2021, Quarter 1,Ontario,Discretionary & On-Demand,French," 6,751,136 "," 14,509,000 "
2021, Quarter 1,Ontario,Discretionary & On-Demand,English," 2,130,429,543 "," 14,509,000 "
2021, Quarter 1,Ontario,Discretionary & On-Demand,Other," 6,782,614 "," 14,509,000 "
2021, Quarter 1,Ontario,Non-Canadian & Other,English," 718,302,446 "," 14,509,000 "
2021, Quarter 1,Quebec,Conventional ,English," 120,891,116 "," 8,414,000 "
2021, Quarter 1,Quebec,Conventional ,French," 1,323,473,484 "," 8,414,000 "
2021, Quarter 1,Quebec,Discretionary & On-Demand,Other, 335 ," 8,414,000 "
2021, Quarter 1,Quebec,Discretionary & On-Demand,English," 217,254,343 "," 8,414,000 "
2021, Quarter 1,Quebec,Discretionary & On-Demand,French," 1,129,115,821 "," 8,414,000 "
2021, Quarter 1,Quebec,Non-Canadian & Other,English," 130,170,847 "," 8,414,000 "
2021, Quarter 1,West,Conventional ,English," 722,622,599 "," 9,528,000 "
2021, Quarter 1,West,Conventional ,French," 1,173,388 "," 9,528,000 "
2021, Quarter 1,West,Discretionary & On-Demand,English," 1,168,483,167 "," 9,528,000 "
2021, Quarter 1,West,Discretionary & On-Demand,Other," 985,194 "," 9,528,000 "
2021, Quarter 1,West,Discretionary & On-Demand,French," 2,350,933 "," 9,528,000 "
2021, Quarter 1,West,Non-Canadian & Other,English," 355,692,355 "," 9,528,000 "
2021, Quarter 2,Atlantic,Conventional ,English," 234,086,254 "," 2,400,000 "
2021, Quarter 2,Atlantic,Conventional ,French," 4,483,078 "," 2,400,000 "
2021, Quarter 2,Atlantic,Discretionary & On-Demand,English," 502,376,764 "," 2,400,000 "
2021, Quarter 2,Atlantic,Discretionary & On-Demand,Other, 87 ," 2,400,000 "
2021, Quarter 2,Atlantic,Discretionary & On-Demand,French," 3,070,085 "," 2,400,000 "
2021, Quarter 2,Atlantic,Non-Canadian & Other,English," 141,637,388 "," 2,400,000 "
2021, Quarter 2,Central,Conventional ,English," 231,572,997 "," 2,558,000 "
2021, Quarter 2,Central,Conventional ,French," 129,144 "," 2,558,000 "
2021, Quarter 2,Central,Discretionary & On-Demand,English," 513,418,203 "," 2,558,000 "
2021, Quarter 2,Central,Discretionary & On-Demand,Other," 2,077 "," 2,558,000 "
2021, Quarter 2,Central,Discretionary & On-Demand,French," 38,971 "," 2,558,000 "
2021, Quarter 2,Central,Non-Canadian & Other,English," 112,756,278 "," 2,558,000 "
2021, Quarter 2,Ontario,Conventional ,French," 18,091,097 "," 14,509,000 "
2021, Quarter 2,Ontario,Conventional ,English," 1,138,921,087 "," 14,509,000 "
2021, Quarter 2,Ontario,Discretionary & On-Demand,French," 9,677,448 "," 14,509,000 "
2021, Quarter 2,Ontario,Discretionary & On-Demand,English," 2,242,007,526 "," 14,509,000 "
2021, Quarter 2,Ontario,Discretionary & On-Demand,Other," 2,977,182 "," 14,509,000 "
2021, Quarter 2,Ontario,Non-Canadian & Other,English," 715,686,074 "," 14,509,000 "
2021, Quarter 2,Quebec,Conventional ,French," 1,419,935,749 "," 8,414,000 "
2021, Quarter 2,Quebec,Conventional ,English," 135,491,871 "," 8,414,000 "
2021, Quarter 2,Quebec,Discretionary & On-Demand,English," 206,165,190 "," 8,414,000 "
2021, Quarter 2,Quebec,Discretionary & On-Demand,French," 1,222,031,078 "," 8,414,000 "
2021, Quarter 2,Quebec,Discretionary & On-Demand,Other," 6,295 "," 8,414,000 "
2021, Quarter 2,Quebec,Non-Canadian & Other,English," 120,743,336 "," 8,414,000 "
2021, Quarter 2,West,Conventional ,English," 758,432,983 "," 9,528,000 "
2021, Quarter 2,West,Conventional ,French," 757,885 "," 9,528,000 "
2021, Quarter 2,West,Discretionary & On-Demand,English," 1,228,435,676 "," 9,528,000 "
2021, Quarter 2,West,Discretionary & On-Demand,French," 908,326 "," 9,528,000 "
2021, Quarter 2,West,Discretionary & On-Demand,Other," 960,710 "," 9,528,000 "
2021, Quarter 2,West,Non-Canadian & Other,English," 317,537,159 "," 9,528,000 "
2021, Quarter 3,Atlantic,Conventional ,English," 247,550,595 "," 2,400,000 "
2021, Quarter 3,Atlantic,Conventional ,French," 3,366,919 "," 2,400,000 "
2021, Quarter 3,Atlantic,Discretionary & On-Demand,English," 528,380,195 "," 2,400,000 "
2021, Quarter 3,Atlantic,Discretionary & On-Demand,French," 3,237,193 "," 2,400,000 "
2021, Quarter 3,Atlantic,Non-Canadian & Other,English," 108,676,779 "," 2,400,000 "
2021, Quarter 3,Central,Conventional ,English," 220,009,685 "," 2,558,000 "
2021, Quarter 3,Central,Conventional ,French," 107,006 "," 2,558,000 "
2021, Quarter 3,Central,Discretionary & On-Demand,French," 13,864 "," 2,558,000 "
2021, Quarter 3,Central,Discretionary & On-Demand,English," 484,415,749 "," 2,558,000 "
2021, Quarter 3,Central,Non-Canadian & Other,English," 74,912,079 "," 2,558,000 "
2021, Quarter 3,Ontario,Conventional ,English," 1,140,646,837 "," 14,509,000 "
2021, Quarter 3,Ontario,Conventional ,French," 9,210,891 "," 14,509,000 "
2021, Quarter 3,Ontario,Discretionary & On-Demand,French," 8,797,682 "," 14,509,000 "
2021, Quarter 3,Ontario,Discretionary & On-Demand,English," 2,236,924,645 "," 14,509,000 "
2021, Quarter 3,Ontario,Discretionary & On-Demand,Other," 513,596 "," 14,509,000 "
2021, Quarter 3,Ontario,Non-Canadian & Other,English," 529,624,666 "," 14,509,000 "
2021, Quarter 3,Quebec,Conventional ,English," 135,796,370 "," 8,414,000 "
2021, Quarter 3,Quebec,Conventional ,French," 1,250,865,495 "," 8,414,000 "
2021, Quarter 3,Quebec,Discretionary & On-Demand,English," 205,526,922 "," 8,414,000 "
2021, Quarter 3,Quebec,Discretionary & On-Demand,French," 1,144,011,069 "," 8,414,000 "
2021, Quarter 3,Quebec,Non-Canadian & Other,English," 79,889,729 "," 8,414,000 "
2021, Quarter 3,West,Conventional ,French," 442,503 "," 9,528,000 "
2021, Quarter 3,West,Conventional ,English," 736,329,639 "," 9,528,000 "
2021, Quarter 3,West,Discretionary & On-Demand,French," 642,034 "," 9,528,000 "
2021, Quarter 3,West,Discretionary & On-Demand,English," 1,155,283,428 "," 9,528,000 "
2021, Quarter 3,West,Discretionary & On-Demand,Other," 1,166,787 "," 9,528,000 "
2021, Quarter 3,West,Non-Canadian & Other,English," 277,794,415 "," 9,528,000 "
2021, Quarter 4,Atlantic,Conventional ,English," 224,655,345 "," 2,400,000 "
2021, Quarter 4,Atlantic,Conventional ,French," 3,214,849 "," 2,400,000 "
2021, Quarter 4,Atlantic,Discretionary & On-Demand,French," 2,015,611 "," 2,400,000 "
2021, Quarter 4,Atlantic,Discretionary & On-Demand,English," 477,417,297 "," 2,400,000 "
2021, Quarter 4,Atlantic,Non-Canadian & Other,English," 109,721,417 "," 2,400,000 "
2021, Quarter 4,Central,Conventional ,English," 199,649,049 "," 2,558,000 "
2021, Quarter 4,Central,Conventional ,French," 121,785 "," 2,558,000 "
2021, Quarter 4,Central,Discretionary & On-Demand,English," 394,950,695 "," 2,558,000 "
2021, Quarter 4,Central,Discretionary & On-Demand,French," 61,767 "," 2,558,000 "
2021, Quarter 4,Central,Non-Canadian & Other,English," 63,963,031 "," 2,558,000 "
2021, Quarter 4,Ontario,Conventional ,English," 991,474,902 "," 14,509,000 "
2021, Quarter 4,Ontario,Conventional ,French," 9,124,060 "," 14,509,000 "
2021, Quarter 4,Ontario,Discretionary & On-Demand,Other," 997,075 "," 14,509,000 "
2021, Quarter 4,Ontario,Discretionary & On-Demand,French," 9,409,207 "," 14,509,000 "
2021, Quarter 4,Ontario,Discretionary & On-Demand,English," 2,109,011,299 "," 14,509,000 "
2021, Quarter 4,Ontario,Non-Canadian & Other,English," 469,787,531 "," 14,509,000 "
2021, Quarter 4,Quebec,Conventional ,English," 144,886,230 "," 8,414,000 "
2021, Quarter 4,Quebec,Conventional ,French," 978,007,058 "," 8,414,000 "
2021, Quarter 4,Quebec,Discretionary & On-Demand,French," 1,057,117,098 "," 8,414,000 "
2021, Quarter 4,Quebec,Discretionary & On-Demand,English," 211,628,966 "," 8,414,000 "
2021, Quarter 4,Quebec,Non-Canadian & Other,English," 73,946,037 "," 8,414,000 "
2021, Quarter 4,West,Conventional ,French," 832,471 "," 9,528,000 "
2021, Quarter 4,West,Conventional ,English," 672,499,982 "," 9,528,000 "
2021, Quarter 4,West,Discretionary & On-Demand,French," 703,221 "," 9,528,000 "
2021, Quarter 4,West,Discretionary & On-Demand,English," 1,069,048,247 "," 9,528,000 "
2021, Quarter 4,West,Discretionary & On-Demand,Other," 1,267,941 "," 9,528,000 "
2021, Quarter 4,West,Non-Canadian & Other,English," 276,426,943 "," 9,528,000 "
2022, Quarter 1,Atlantic,Conventional ,French," 4,054,928 "," 2,393,000 "
2022, Quarter 1,Atlantic,Conventional ,English," 242,447,549 "," 2,393,000 "
2022, Quarter 1,Atlantic,Discretionary & On-Demand,English," 472,325,462 "," 2,393,000 "
2022, Quarter 1,Atlantic,Discretionary & On-Demand,Other," 2,618 "," 2,393,000 "
2022, Quarter 1,Atlantic,Discretionary & On-Demand,French," 2,392,414 "," 2,393,000 "
2022, Quarter 1,Atlantic,Non-Canadian & Other,English," 77,653,595 "," 2,393,000 "
2022, Quarter 1,Central,Conventional ,French," 162,087 "," 2,526,000 "
2022, Quarter 1,Central,Conventional ,English," 196,339,956 "," 2,526,000 "
2022, Quarter 1,Central,Discretionary & On-Demand,English," 497,719,222 "," 2,526,000 "
2022, Quarter 1,Central,Discretionary & On-Demand,Other," 23,793 "," 2,526,000 "
2022, Quarter 1,Central,Discretionary & On-Demand,French," 30,490 "," 2,526,000 "
2022, Quarter 1,Central,Non-Canadian & Other,English," 54,841,538 "," 2,526,000 "
2022, Quarter 1,Ontario,Conventional ,French," 13,182,714 "," 14,612,000 "
2022, Quarter 1,Ontario,Conventional ,English," 1,019,704,125 "," 14,612,000 "
2022, Quarter 1,Ontario,Discretionary & On-Demand,English," 2,216,264,055 "," 14,612,000 "
2022, Quarter 1,Ontario,Discretionary & On-Demand,Other," 1,850,964 "," 14,612,000 "
2022, Quarter 1,Ontario,Discretionary & On-Demand,French," 19,105,972 "," 14,612,000 "
2022, Quarter 1,Ontario,Non-Canadian & Other,English," 442,548,956 "," 14,612,000 "
2022, Quarter 1,Quebec,Conventional ,French," 1,252,095,438 "," 8,424,000 "
2022, Quarter 1,Quebec,Conventional ,English," 119,986,972 "," 8,424,000 "
2022, Quarter 1,Quebec,Discretionary & On-Demand,Other," 10,721 "," 8,424,000 "
2022, Quarter 1,Quebec,Discretionary & On-Demand,French," 1,049,164,046 "," 8,424,000 "
2022, Quarter 1,Quebec,Discretionary & On-Demand,English," 212,976,165 "," 8,424,000 "
2022, Quarter 1,Quebec,Non-Canadian & Other,English," 83,163,781 "," 8,424,000 "
2022, Quarter 1,West,Conventional ,English," 703,929,815 "," 9,509,000 "
2022, Quarter 1,West,Conventional ,French," 660,730 "," 9,509,000 "
2022, Quarter 1,West,Discretionary & On-Demand,Other," 1,130,035 "," 9,509,000 "
2022, Quarter 1,West,Discretionary & On-Demand,English," 1,155,952,879 "," 9,509,000 "
2022, Quarter 1,West,Discretionary & On-Demand,French," 1,109,429 "," 9,509,000 "
2022, Quarter 1,West,Non-Canadian & Other,English," 280,633,650 "," 9,509,000 "
2022, Quarter 2,Atlantic,Conventional ,English," 268,603,882 "," 2,393,000 "
2022, Quarter 2,Atlantic,Conventional ,French," 4,098,481 "," 2,393,000 "
2022, Quarter 2,Atlantic,Discretionary & On-Demand,French," 2,980,099 "," 2,393,000 "
2022, Quarter 2,Atlantic,Discretionary & On-Demand,English," 466,422,685 "," 2,393,000 "
2022, Quarter 2,Atlantic,Non-Canadian & Other,English," 81,518,354 "," 2,393,000 "
2022, Quarter 2,Central,Conventional ,English," 220,230,055 "," 2,526,000 "
2022, Quarter 2,Central,Conventional ,French," 106,280 "," 2,526,000 "
2022, Quarter 2,Central,Discretionary & On-Demand,English," 497,493,605 "," 2,526,000 "
2022, Quarter 2,Central,Discretionary & On-Demand,French," 74,076 "," 2,526,000 "
2022, Quarter 2,Central,Non-Canadian & Other,English," 62,988,218 "," 2,526,000 "
2022, Quarter 2,Ontario,Conventional ,English," 1,100,808,550 "," 14,612,000 "
2022, Quarter 2,Ontario,Conventional ,French," 28,270,033 "," 14,612,000 "
2022, Quarter 2,Ontario,Discretionary & On-Demand,Other," 1,697,880 "," 14,612,000 "
2022, Quarter 2,Ontario,Discretionary & On-Demand,English," 2,251,464,690 "," 14,612,000 "
2022, Quarter 2,Ontario,Discretionary & On-Demand,French," 29,110,982 "," 14,612,000 "
2022, Quarter 2,Ontario,Non-Canadian & Other,English," 443,732,254 "," 14,612,000 "
2022, Quarter 2,Quebec,Conventional ,English," 127,007,613 "," 8,424,000 "
2022, Quarter 2,Quebec,Conventional ,French," 1,406,503,755 "," 8,424,000 "
2022, Quarter 2,Quebec,Discretionary & On-Demand,Other, 337 ," 8,424,000 "
2022, Quarter 2,Quebec,Discretionary & On-Demand,French," 1,176,535,471 "," 8,424,000 "
2022, Quarter 2,Quebec,Discretionary & On-Demand,English," 196,424,222 "," 8,424,000 "
2022, Quarter 2,Quebec,Non-Canadian & Other,English," 77,036,487 "," 8,424,000 "
2022, Quarter 2,West,Conventional ,French," 740,207 "," 9,509,000 "
2022, Quarter 2,West,Conventional ,English," 730,505,261 "," 9,509,000 "
2022, Quarter 2,West,Discretionary & On-Demand,English," 1,194,189,374 "," 9,509,000 "
2022, Quarter 2,West,Discretionary & On-Demand,French," 603,238 "," 9,509,000 "
2022, Quarter 2,West,Discretionary & On-Demand,Other," 1,923,795 "," 9,509,000 "
2022, Quarter 2,West,Non-Canadian & Other,English," 293,114,771 "," 9,509,000 "
2022, Quarter 3,Atlantic,Conventional ,English," 243,548,585 "," 2,393,000 "
2022, Quarter 3,Atlantic,Conventional ,French," 3,567,000 "," 2,393,000 "
2022, Quarter 3,Atlantic,Discretionary & On-Demand,English," 493,092,257 "," 2,393,000 "
2022, Quarter 3,Atlantic,Discretionary & On-Demand,Other, 236 ," 2,393,000 "
2022, Quarter 3,Atlantic,Discretionary & On-Demand,French," 3,851,066 "," 2,393,000 "
2022, Quarter 3,Atlantic,Non-Canadian & Other,English," 96,849,716 "," 2,393,000 "
2022, Quarter 3,Central,Conventional ,English," 205,089,220 "," 2,526,000 "
2022, Quarter 3,Central,Conventional ,French," 85,119 "," 2,526,000 "
2022, Quarter 3,Central,Discretionary & On-Demand,English," 539,396,039 "," 2,526,000 "
2022, Quarter 3,Central,Discretionary & On-Demand,French," 49,514 "," 2,526,000 "
2022, Quarter 3,Central,Non-Canadian & Other,English," 73,979,119 "," 2,526,000 "
2022, Quarter 3,Ontario,Conventional ,English," 981,996,829 "," 14,612,000 "
2022, Quarter 3,Ontario,Conventional ,French," 23,323,263 "," 14,612,000 "
2022, Quarter 3,Ontario,Discretionary & On-Demand,English," 2,243,098,762 "," 14,612,000 "
2022, Quarter 3,Ontario,Discretionary & On-Demand,French," 29,917,135 "," 14,612,000 "
2022, Quarter 3,Ontario,Discretionary & On-Demand,Other," 830,559 "," 14,612,000 "
2022, Quarter 3,Ontario,Non-Canadian & Other,English," 494,648,507 "," 14,612,000 "
2022, Quarter 3,Quebec,Conventional ,English," 119,532,257 "," 8,424,000 "
2022, Quarter 3,Quebec,Conventional ,French," 1,207,197,401 "," 8,424,000 "
2022, Quarter 3,Quebec,Discretionary & On-Demand,Other," 1,287 "," 8,424,000 "
2022, Quarter 3,Quebec,Discretionary & On-Demand,French," 1,090,844,490 "," 8,424,000 "
2022, Quarter 3,Quebec,Discretionary & On-Demand,English," 187,905,464 "," 8,424,000 "
2022, Quarter 3,Quebec,Non-Canadian & Other,English," 79,953,281 "," 8,424,000 "
2022, Quarter 3,West,Conventional ,English," 658,871,003 "," 9,509,000 "
2022, Quarter 3,West,Conventional ,French," 497,474 "," 9,509,000 "
2022, Quarter 3,West,Discretionary & On-Demand,Other," 1,426,940 "," 9,509,000 "
2022, Quarter 3,West,Discretionary & On-Demand,English," 1,202,511,252 "," 9,509,000 "
2022, Quarter 3,West,Discretionary & On-Demand,French," 1,098,493 "," 9,509,000 "
2022, Quarter 3,West,Non-Canadian & Other,English," 309,194,099 "," 9,509,000 "
2022, Quarter 4,Atlantic,Conventional ,French," 6,546,776 "," 2,393,000 "
2022, Quarter 4,Atlantic,Conventional ,English," 189,315,065 "," 2,393,000 "
2022, Quarter 4,Atlantic,Discretionary & On-Demand,French," 3,305,254 "," 2,393,000 "
2022, Quarter 4,Atlantic,Discretionary & On-Demand,English," 382,889,901 "," 2,393,000 "
2022, Quarter 4,Atlantic,Non-Canadian & Other,English," 86,306,175 "," 2,393,000 "
2022, Quarter 4,Central,Conventional ,French," 22,241 "," 2,526,000 "
2022, Quarter 4,Central,Conventional ,English," 162,866,424 "," 2,526,000 "
2022, Quarter 4,Central,Discretionary & On-Demand,French," 82,688 "," 2,526,000 "
2022, Quarter 4,Central,Discretionary & On-Demand,English," 466,276,042 "," 2,526,000 "
2022, Quarter 4,Central,Non-Canadian & Other,English," 67,358,363 "," 2,526,000 "
2022, Quarter 4,Ontario,Conventional ,French," 13,321,331 "," 14,612,000 "
2022, Quarter 4,Ontario,Conventional ,English," 765,189,999 "," 14,612,000 "
2022, Quarter 4,Ontario,Discretionary & On-Demand,Other," 621,808 "," 14,612,000 "
2022, Quarter 4,Ontario,Discretionary & On-Demand,French," 29,164,345 "," 14,612,000 "
2022, Quarter 4,Ontario,Discretionary & On-Demand,English," 1,991,940,755 "," 14,612,000 "
2022, Quarter 4,Ontario,Non-Canadian & Other,English," 422,428,937 "," 14,612,000 "
2022, Quarter 4,Quebec,Conventional ,French," 899,737,112 "," 8,424,000 "
2022, Quarter 4,Quebec,Conventional ,English," 97,805,985 "," 8,424,000 "
2022, Quarter 4,Quebec,Discretionary & On-Demand,French," 1,028,935,750 "," 8,424,000 "
2022, Quarter 4,Quebec,Discretionary & On-Demand,English," 175,524,126 "," 8,424,000 "
2022, Quarter 4,Quebec,Non-Canadian & Other,English," 75,555,523 "," 8,424,000 "
2022, Quarter 4,West,Conventional ,French," 362,720 "," 9,509,000 "
2022, Quarter 4,West,Conventional ,English," 530,581,797 "," 9,509,000 "
2022, Quarter 4,West,Discretionary & On-Demand,Other," 650,941 "," 9,509,000 "
2022, Quarter 4,West,Discretionary & On-Demand,French," 775,259 "," 9,509,000 "
2022, Quarter 4,West,Discretionary & On-Demand,English," 994,824,793 "," 9,509,000 "
2022, Quarter 4,West,Non-Canadian & Other,English," 300,888,895 "," 9,509,000 "
2023, Quarter 1,Atlantic,Conventional ,English," 210,099,563 "," 2,427,000 "
2023, Quarter 1,Atlantic,Conventional ,French," 11,132,652 "," 2,427,000 "
2023, Quarter 1,Atlantic,Discretionary & On-Demand,French," 4,085,462 "," 2,427,000 "
2023, Quarter 1,Atlantic,Discretionary & On-Demand,Other, 253 ," 2,427,000 "
2023, Quarter 1,Atlantic,Discretionary & On-Demand,English," 393,898,130 "," 2,427,000 "
2023, Quarter 1,Atlantic,Non-Canadian & Other,English," 89,936,430 "," 2,427,000 "
2023, Quarter 1,Central,Conventional ,English," 172,534,238 "," 2,582,000 "
2023, Quarter 1,Central,Conventional ,French," 310,621 "," 2,582,000 "
2023, Quarter 1,Central,Discretionary & On-Demand,French," 392,890 "," 2,582,000 "
2023, Quarter 1,Central,Discretionary & On-Demand,English," 435,160,640 "," 2,582,000 "
2023, Quarter 1,Central,Non-Canadian & Other,English," 64,633,518 "," 2,582,000 "
2023, Quarter 1,Ontario,Conventional ,English," 965,156,103 "," 14,848,000 "
2023, Quarter 1,Ontario,Conventional ,French," 17,726,993 "," 14,848,000 "
2023, Quarter 1,Ontario,Discretionary & On-Demand,French," 21,540,239 "," 14,848,000 "
2023, Quarter 1,Ontario,Discretionary & On-Demand,Other," 619,256 "," 14,848,000 "
2023, Quarter 1,Ontario,Discretionary & On-Demand,English," 2,231,403,954 "," 14,848,000 "
2023, Quarter 1,Ontario,Non-Canadian & Other,English," 448,124,098 "," 14,848,000 "
2023, Quarter 1,Quebec,Conventional ,English," 105,171,651 "," 8,529,000 "
2023, Quarter 1,Quebec,Conventional ,French," 1,201,539,481 "," 8,529,000 "
2023, Quarter 1,Quebec,Discretionary & On-Demand,English," 181,167,754 "," 8,529,000 "
2023, Quarter 1,Quebec,Discretionary & On-Demand,French," 1,080,178,814 "," 8,529,000 "
2023, Quarter 1,Quebec,Non-Canadian & Other,English," 72,548,599 "," 8,529,000 "
2023, Quarter 1,West,Conventional ,French," 711,697 "," 9,645,000 "
2023, Quarter 1,West,Conventional ,English," 642,827,801 "," 9,645,000 "
2023, Quarter 1,West,Discretionary & On-Demand,French," 754,011 "," 9,645,000 "
2023, Quarter 1,West,Discretionary & On-Demand,English," 1,107,650,842 "," 9,645,000 "
2023, Quarter 1,West,Discretionary & On-Demand,Other," 805,494 "," 9,645,000 "
2023, Quarter 1,West,Non-Canadian & Other,English," 292,097,784 "," 9,645,000 "
2023, Quarter 2,Atlantic,Conventional ,English," 223,544,988 "," 2,427,000 "
2023, Quarter 2,Atlantic,Conventional ,French," 10,482,437 "," 2,427,000 "
2023, Quarter 2,Atlantic,Discretionary & On-Demand,French," 5,161,175 "," 2,427,000 "
2023, Quarter 2,Atlantic,Discretionary & On-Demand,English," 438,282,990 "," 2,427,000 "
2023, Quarter 2,Atlantic,Non-Canadian & Other,English," 94,671,505 "," 2,427,000 "
2023, Quarter 2,Central,Conventional ,French," 779,225 "," 2,582,000 "
2023, Quarter 2,Central,Conventional ,English," 166,115,154 "," 2,582,000 "
2023, Quarter 2,Central,Discretionary & On-Demand,French," 977,426 "," 2,582,000 "
2023, Quarter 2,Central,Discretionary & On-Demand,English," 379,364,631 "," 2,582,000 "
2023, Quarter 2,Central,Discretionary & On-Demand,Other, 290 ," 2,582,000 "
2023, Quarter 2,Central,Non-Canadian & Other,English," 63,302,651 "," 2,582,000 "
2023, Quarter 2,Ontario,Conventional ,French," 17,701,081 "," 14,848,000 "
2023, Quarter 2,Ontario,Conventional ,English," 987,231,931 "," 14,848,000 "
2023, Quarter 2,Ontario,Discretionary & On-Demand,French," 21,959,695 "," 14,848,000 "
2023, Quarter 2,Ontario,Discretionary & On-Demand,English," 2,171,074,176 "," 14,848,000 "
2023, Quarter 2,Ontario,Discretionary & On-Demand,Other," 421,109 "," 14,848,000 "
2023, Quarter 2,Ontario,Non-Canadian & Other,English," 437,263,405 "," 14,848,000 "
2023, Quarter 2,Quebec,Conventional ,French," 1,215,314,868 "," 8,529,000 "
2023, Quarter 2,Quebec,Conventional ,English," 106,754,024 "," 8,529,000 "
2023, Quarter 2,Quebec,Discretionary & On-Demand,French," 1,168,202,043 "," 8,529,000 "
2023, Quarter 2,Quebec,Discretionary & On-Demand,English," 184,395,815 "," 8,529,000 "
2023, Quarter 2,Quebec,Non-Canadian & Other,English," 64,089,621 "," 8,529,000 "
2023, Quarter 2,West,Conventional ,English," 629,566,169 "," 9,645,000 "
2023, Quarter 2,West,Conventional ,French," 812,923 "," 9,645,000 "
2023, Quarter 2,West,Discretionary & On-Demand,Other," 697,406 "," 9,645,000 "
2023, Quarter 2,West,Discretionary & On-Demand,French," 1,548,399 "," 9,645,000 "
2023, Quarter 2,West,Discretionary & On-Demand,English," 1,172,870,112 "," 9,645,000 "
2023, Quarter 2,West,Non-Canadian & Other,English," 289,321,790 "," 9,645,000 "
2023, Quarter 3,Atlantic,Conventional ,English," 232,579,764 "," 2,427,000 "
2023, Quarter 3,Atlantic,Conventional ,French," 10,908,062 "," 2,427,000 "
2023, Quarter 3,Atlantic,Discretionary & On-Demand,French," 3,824,120 "," 2,427,000 "
2023, Quarter 3,Atlantic,Discretionary & On-Demand,English," 456,682,580 "," 2,427,000 "
2023, Quarter 3,Atlantic,Non-Canadian & Other,English," 87,452,371 "," 2,427,000 "
2023, Quarter 3,Central,Conventional ,English," 172,718,688 "," 2,582,000 "
2023, Quarter 3,Central,Conventional ,French," 515,967 "," 2,582,000 "
2023, Quarter 3,Central,Discretionary & On-Demand,French," 1,373,630 "," 2,582,000 "
2023, Quarter 3,Central,Discretionary & On-Demand,English," 367,890,423 "," 2,582,000 "
2023, Quarter 3,Central,Non-Canadian & Other,English," 68,394,734 "," 2,582,000 "
2023, Quarter 3,Ontario,Conventional ,French," 16,158,540 "," 14,848,000 "
2023, Quarter 3,Ontario,Conventional ,English," 971,125,459 "," 14,848,000 "
2023, Quarter 3,Ontario,Discretionary & On-Demand,Other," 41,258 "," 14,848,000 "
2023, Quarter 3,Ontario,Discretionary & On-Demand,French," 21,300,695 "," 14,848,000 "
2023, Quarter 3,Ontario,Discretionary & On-Demand,English," 2,169,388,154 "," 14,848,000 "
2023, Quarter 3,Ontario,Non-Canadian & Other,English," 371,445,763 "," 14,848,000 "
2023, Quarter 3,Quebec,Conventional ,French," 1,121,242,304 "," 8,529,000 "
2023, Quarter 3,Quebec,Conventional ,English," 109,796,226 "," 8,529,000 "
2023, Quarter 3,Quebec,Discretionary & On-Demand,Other, 5 ," 8,529,000 "
2023, Quarter 3,Quebec,Discretionary & On-Demand,English," 182,547,101 "," 8,529,000 "
2023, Quarter 3,Quebec,Discretionary & On-Demand,French," 1,052,219,587 "," 8,529,000 "
2023, Quarter 3,Quebec,Non-Canadian & Other,English," 60,206,537 "," 8,529,000 "
2023, Quarter 3,West,Conventional ,French," 497,770 "," 9,645,000 "
2023, Quarter 3,West,Conventional ,English," 633,137,850 "," 9,645,000 "
2023, Quarter 3,West,Discretionary & On-Demand,French," 941,925 "," 9,645,000 "
2023, Quarter 3,West,Discretionary & On-Demand,English," 1,227,279,966 "," 9,645,000 "
2023, Quarter 3,West,Discretionary & On-Demand,Other," 471,127 "," 9,645,000 "
2023, Quarter 3,West,Non-Canadian & Other,English," 278,037,613 "," 9,645,000 "
2023, Quarter 4,Atlantic,Conventional ,English," 190,368,316 "," 2,427,000 "
2023, Quarter 4,Atlantic,Conventional ,French," 8,403,995 "," 2,427,000 "
2023, Quarter 4,Atlantic,Discretionary & On-Demand,English," 348,464,855 "," 2,427,000 "
2023, Quarter 4,Atlantic,Discretionary & On-Demand,French," 7,156,029 "," 2,427,000 "
2023, Quarter 4,Atlantic,Non-Canadian & Other,English," 90,328,563 "," 2,427,000 "
2023, Quarter 4,Central,Conventional ,English," 142,863,621 "," 2,582,000 "
2023, Quarter 4,Central,Conventional ,French," 122,092 "," 2,582,000 "
2023, Quarter 4,Central,Discretionary & On-Demand,English," 343,560,658 "," 2,582,000 "
2023, Quarter 4,Central,Discretionary & On-Demand,French," 951,065 "," 2,582,000 "
2023, Quarter 4,Central,Non-Canadian & Other,English," 82,912,434 "," 2,582,000 "
2023, Quarter 4,Ontario,Conventional ,English," 706,144,434 "," 14,848,000 "
2023, Quarter 4,Ontario,Conventional ,French," 14,044,831 "," 14,848,000 "
2023, Quarter 4,Ontario,Discretionary & On-Demand,English," 1,866,807,091 "," 14,848,000 "
2023, Quarter 4,Ontario,Discretionary & On-Demand,French," 18,565,887 "," 14,848,000 "
2023, Quarter 4,Ontario,Discretionary & On-Demand,Other," 1,031 "," 14,848,000 "
2023, Quarter 4,Ontario,Non-Canadian & Other,English," 397,625,556 "," 14,848,000 "
2023, Quarter 4,Quebec,Conventional ,English," 75,163,804 "," 8,529,000 "
2023, Quarter 4,Quebec,Conventional ,French," 855,573,709 "," 8,529,000 "
2023, Quarter 4,Quebec,Discretionary & On-Demand,French," 1,041,010,646 "," 8,529,000 "
2023, Quarter 4,Quebec,Discretionary & On-Demand,English," 158,144,335 "," 8,529,000 "
2023, Quarter 4,Quebec,Non-Canadian & Other,English," 62,103,030 "," 8,529,000 "
2023, Quarter 4,West,Conventional ,English," 498,305,879 "," 9,645,000 "
2023, Quarter 4,West,Conventional ,French," 332,072 "," 9,645,000 "
2023, Quarter 4,West,Discretionary & On-Demand,Other," 424,360 "," 9,645,000 "
2023, Quarter 4,West,Discretionary & On-Demand,English," 996,681,457 "," 9,645,000 "
2023, Quarter 4,West,Discretionary & On-Demand,French," 730,059 "," 9,645,000 "
2023, Quarter 4,West,Non-Canadian & Other,English," 293,680,292 "," 9,645,000 "
2024, Quarter 1,Atlantic,Conventional ,French," 9,475,961 "," 2,469,000 "
2024, Quarter 1,Atlantic,Conventional ,English," 198,806,324 "," 2,469,000 "
2024, Quarter 1,Atlantic,Discretionary & On-Demand,French," 7,776,876 "," 2,469,000 "
2024, Quarter 1,Atlantic,Discretionary & On-Demand,English," 365,132,717 "," 2,469,000 "
2024, Quarter 1,Atlantic,Non-Canadian & Other,English," 93,485,170 "," 2,469,000 "
2024, Quarter 1,Central,Conventional ,French," 347,327 "," 2,604,000 "
2024, Quarter 1,Central,Conventional ,English," 152,272,544 "," 2,604,000 "
2024, Quarter 1,Central,Discretionary & On-Demand,Other, 360 ," 2,604,000 "
2024, Quarter 1,Central,Discretionary & On-Demand,English," 372,255,622 "," 2,604,000 "
2024, Quarter 1,Central,Discretionary & On-Demand,French," 882,573 "," 2,604,000 "
2024, Quarter 1,Central,Non-Canadian & Other,English," 74,612,276 "," 2,604,000 "
2024, Quarter 1,Ontario,Conventional ,French," 20,621,448 "," 15,151,000 "
2024, Quarter 1,Ontario,Conventional ,English," 747,831,484 "," 15,151,000 "
2024, Quarter 1,Ontario,Discretionary & On-Demand,French," 23,142,342 "," 15,151,000 "
2024, Quarter 1,Ontario,Discretionary & On-Demand,Other," 29,389 "," 15,151,000 "
2024, Quarter 1,Ontario,Discretionary & On-Demand,English," 1,902,234,163 "," 15,151,000 "
2024, Quarter 1,Ontario,Non-Canadian & Other,English," 398,960,406 "," 15,151,000 "
2024, Quarter 1,Quebec,Conventional ,French," 1,190,236,088 "," 8,661,000 "
2024, Quarter 1,Quebec,Conventional ,English," 87,113,172 "," 8,661,000 "
2024, Quarter 1,Quebec,Discretionary & On-Demand,French," 1,087,907,109 "," 8,661,000 "
2024, Quarter 1,Quebec,Discretionary & On-Demand,English," 160,822,631 "," 8,661,000 "
2024, Quarter 1,Quebec,Non-Canadian & Other,English," 61,598,651 "," 8,661,000 "
2024, Quarter 1,West,Conventional ,English," 597,000,847 "," 9,835,000 "
2024, Quarter 1,West,Conventional ,French," 570,592 "," 9,835,000 "
2024, Quarter 1,West,Discretionary & On-Demand,English," 1,151,501,136 "," 9,835,000 "
2024, Quarter 1,West,Discretionary & On-Demand,French," 1,057,912 "," 9,835,000 "
2024, Quarter 1,West,Discretionary & On-Demand,Other," 304,540 "," 9,835,000 "
2024, Quarter 1,West,Non-Canadian & Other,English," 292,988,505 "," 9,835,000 "
2024, Quarter 2,Atlantic,Conventional ,French," 9,073,922 "," 2,469,000 "
2024, Quarter 2,Atlantic,Conventional ,English," 203,865,723 "," 2,469,000 "
2024, Quarter 2,Atlantic,Discretionary & On-Demand,French," 9,043,427 "," 2,469,000 "
2024, Quarter 2,Atlantic,Discretionary & On-Demand,Other, 114 ," 2,469,000 "
2024, Quarter 2,Atlantic,Discretionary & On-Demand,English," 363,609,402 "," 2,469,000 "
2024, Quarter 2,Atlantic,Non-Canadian & Other,English," 99,770,539 "," 2,469,000 "
2024, Quarter 2,Central,Conventional ,French," 873,510 "," 2,604,000 "
2024, Quarter 2,Central,Conventional ,English," 169,362,933 "," 2,604,000 "
2024, Quarter 2,Central,Discretionary & On-Demand,Other, 90 ," 2,604,000 "
2024, Quarter 2,Central,Discretionary & On-Demand,English," 372,746,542 "," 2,604,000 "
2024, Quarter 2,Central,Discretionary & On-Demand,French," 837,790 "," 2,604,000 "
2024, Quarter 2,Central,Non-Canadian & Other,English," 71,408,575 "," 2,604,000 "
2024, Quarter 2,Ontario,Conventional ,French," 20,960,803 "," 15,151,000 "
2024, Quarter 2,Ontario,Conventional ,English," 834,171,864 "," 15,151,000 "
2024, Quarter 2,Ontario,Discretionary & On-Demand,French," 22,309,621 "," 15,151,000 "
2024, Quarter 2,Ontario,Discretionary & On-Demand,English," 1,879,391,275 "," 15,151,000 "
2024, Quarter 2,Ontario,Discretionary & On-Demand,Other," 295,349 "," 15,151,000 "
2024, Quarter 2,Ontario,Non-Canadian & Other,English," 390,793,841 "," 15,151,000 "
2024, Quarter 2,Quebec,Conventional ,French," 1,243,866,845 "," 8,661,000 "
2024, Quarter 2,Quebec,Conventional ,English," 100,781,824 "," 8,661,000 "
2024, Quarter 2,Quebec,Discretionary & On-Demand,Other," 3,155 "," 8,661,000 "
2024, Quarter 2,Quebec,Discretionary & On-Demand,French," 1,169,221,634 "," 8,661,000 "
2024, Quarter 2,Quebec,Discretionary & On-Demand,English," 161,317,707 "," 8,661,000 "
2024, Quarter 2,Quebec,Non-Canadian & Other,English," 61,869,873 "," 8,661,000 "
2024, Quarter 2,West,Conventional ,French," 1,233,099 "," 9,835,000 "
2024, Quarter 2,West,Conventional ,English," 585,115,908 "," 9,835,000 "
2024, Quarter 2,West,Discretionary & On-Demand,Other," 168,869 "," 9,835,000 "
2024, Quarter 2,West,Discretionary & On-Demand,French," 1,394,498 "," 9,835,000 "
2024, Quarter 2,West,Discretionary & On-Demand,English," 1,154,200,080 "," 9,835,000 "
2024, Quarter 2,West,Non-Canadian & Other,English," 240,845,157 "," 9,835,000 "
2024, Quarter 3,Atlantic,Conventional ,French," 8,328,797 "," 2,469,000 "
2024, Quarter 3,Atlantic,Conventional ,English," 205,971,018 "," 2,469,000 "
2024, Quarter 3,Atlantic,Discretionary & On-Demand,French," 8,635,811 "," 2,469,000 "
2024, Quarter 3,Atlantic,Discretionary & On-Demand,English," 393,670,287 "," 2,469,000 "
2024, Quarter 3,Atlantic,Discretionary & On-Demand,Other, 616 ," 2,469,000 "
2024, Quarter 3,Atlantic,Non-Canadian & Other,English," 96,316,187 "," 2,469,000 "
2024, Quarter 3,Central,Conventional ,French," 624,969 "," 2,604,000 "
2024, Quarter 3,Central,Conventional ,English," 190,762,818 "," 2,604,000 "
2024, Quarter 3,Central,Discretionary & On-Demand,Other, 258 ," 2,604,000 "
2024, Quarter 3,Central,Discretionary & On-Demand,English," 402,026,990 "," 2,604,000 "
2024, Quarter 3,Central,Discretionary & On-Demand,French," 390,640 "," 2,604,000 "
2024, Quarter 3,Central,Non-Canadian & Other,English," 70,217,325 "," 2,604,000 "
2024, Quarter 3,Ontario,Conventional ,French," 21,238,381 "," 15,151,000 "
2024, Quarter 3,Ontario,Conventional ,English," 857,395,408 "," 15,151,000 "
2024, Quarter 3,Ontario,Discretionary & On-Demand,English," 1,880,086,124 "," 15,151,000 "
2024, Quarter 3,Ontario,Discretionary & On-Demand,Other," 1,690,925 "," 15,151,000 "
2024, Quarter 3,Ontario,Discretionary & On-Demand,French," 20,698,282 "," 15,151,000 "
2024, Quarter 3,Ontario,Non-Canadian & Other,English," 361,688,424 "," 15,151,000 "
2024, Quarter 3,Quebec,Conventional ,French," 1,152,241,984 "," 8,661,000 "
2024, Quarter 3,Quebec,Conventional ,English," 106,105,087 "," 8,661,000 "
2024, Quarter 3,Quebec,Discretionary & On-Demand,French," 1,068,955,445 "," 8,661,000 "
2024, Quarter 3,Quebec,Discretionary & On-Demand,English," 161,707,642 "," 8,661,000 "
2024, Quarter 3,Quebec,Discretionary & On-Demand,Other," 2,771 "," 8,661,000 "
2024, Quarter 3,Quebec,Non-Canadian & Other,English," 60,943,010 "," 8,661,000 "
2024, Quarter 3,West,Conventional ,English," 627,966,715 "," 9,835,000 "
2024, Quarter 3,West,Conventional ,French," 929,060 "," 9,835,000 "
2024, Quarter 3,West,Discretionary & On-Demand,English," 1,223,195,916 "," 9,835,000 "
2024, Quarter 3,West,Discretionary & On-Demand,Other," 169,143 "," 9,835,000 "
2024, Quarter 3,West,Discretionary & On-Demand,French," 801,563 "," 9,835,000 "
2024, Quarter 3,West,Non-Canadian & Other,English," 211,394,933 "," 9,835,000 "
2024, Quarter 4,Atlantic,Conventional ,French," 6,265,179 "," 2,469,000 "
2024, Quarter 4,Atlantic,Conventional ,English," 174,015,571 "," 2,469,000 "
2024, Quarter 4,Atlantic,Discretionary & On-Demand,English," 318,978,664 "," 2,469,000 "
2024, Quarter 4,Atlantic,Discretionary & On-Demand,Other," 6,896 "," 2,469,000 "
2024, Quarter 4,Atlantic,Discretionary & On-Demand,French," 8,273,427 "," 2,469,000 "
2024, Quarter 4,Atlantic,Non-Canadian & Other,English," 95,402,925 "," 2,469,000 "
2024, Quarter 4,Central,Conventional ,French," 276,733 "," 2,604,000 "
2024, Quarter 4,Central,Conventional ,English," 165,416,638 "," 2,604,000 "
2024, Quarter 4,Central,Discretionary & On-Demand,English," 372,029,407 "," 2,604,000 "
2024, Quarter 4,Central,Discretionary & On-Demand,Other, 96 ," 2,604,000 "
2024, Quarter 4,Central,Discretionary & On-Demand,French," 91,642 "," 2,604,000 "
2024, Quarter 4,Central,Non-Canadian & Other,English," 76,487,503 "," 2,604,000 "
2024, Quarter 4,Ontario,Conventional ,French," 11,402,923 "," 15,151,000 "
2024, Quarter 4,Ontario,Conventional ,English," 724,797,127 "," 15,151,000 "
2024, Quarter 4,Ontario,Discretionary & On-Demand,Other," 2,138,794 "," 15,151,000 "
2024, Quarter 4,Ontario,Discretionary & On-Demand,French," 17,167,937 "," 15,151,000 "
2024, Quarter 4,Ontario,Discretionary & On-Demand,English," 1,798,987,362 "," 15,151,000 "
2024, Quarter 4,Ontario,Non-Canadian & Other,English," 399,297,934 "," 15,151,000 "
2024, Quarter 4,Quebec,Conventional ,French," 896,114,672 "," 8,661,000 "
2024, Quarter 4,Quebec,Conventional ,English," 91,451,442 "," 8,661,000 "
2024, Quarter 4,Quebec,Discretionary & On-Demand,Other, 43 ," 8,661,000 "
2024, Quarter 4,Quebec,Discretionary & On-Demand,English," 161,027,372 "," 8,661,000 "
2024, Quarter 4,Quebec,Discretionary & On-Demand,French," 982,428,248 "," 8,661,000 "
2024, Quarter 4,Quebec,Non-Canadian & Other,English," 64,534,514 "," 8,661,000 "
2024, Quarter 4,West,Conventional ,English," 559,836,417 "," 9,835,000 "
2024, Quarter 4,West,Conventional ,French," 938,831 "," 9,835,000 "
2024, Quarter 4,West,Discretionary & On-Demand,French," 764,575 "," 9,835,000 "
2024, Quarter 4,West,Discretionary & On-Demand,English," 929,421,467 "," 9,835,000 "
2024, Quarter 4,West,Discretionary & On-Demand,Other," 122,547 "," 9,835,000 "
2024, Quarter 4,West,Non-Canadian & Other,English," 195,522,680 "," 9,835,000 "
2025, Quarter 1,Atlantic,Conventional ,English," 195,216,667 "," 2,585,000 "
2025, Quarter 1,Atlantic,Conventional ,French," 8,916,667 "," 2,585,000 "
2025, Quarter 1,Atlantic,Discretionary & On-Demand,Other," 16,667 "," 2,585,000 "
2025, Quarter 1,Atlantic,Discretionary & On-Demand,French," 8,600,000 "," 2,585,000 "
2025, Quarter 1,Atlantic,Discretionary & On-Demand,English," 335,716,666 "," 2,585,000 "
2025, Quarter 1,Atlantic,Non-Canadian & Other,English," 110,716,667 "," 2,585,000 "
2025, Quarter 1,Central,Conventional ,English," 168,583,334 "," 2,644,000 "
2025, Quarter 1,Central,Conventional ,French," 566,667 "," 2,644,000 "
2025, Quarter 1,Central,Discretionary & On-Demand,Other," 66,667 "," 2,644,000 "
2025, Quarter 1,Central,Discretionary & On-Demand,English," 357,450,000 "," 2,644,000 "
2025, Quarter 1,Central,Discretionary & On-Demand,French," 316,667 "," 2,644,000 "
2025, Quarter 1,Central,Non-Canadian & Other,English," 83,250,000 "," 2,644,000 "
2025, Quarter 1,Ontario,Conventional ,English," 806,050,000 "," 15,752,000 "
2025, Quarter 1,Ontario,Conventional ,French," 17,050,000 "," 15,752,000 "
2025, Quarter 1,Ontario,Discretionary & On-Demand,Other," 2,200,000 "," 15,752,000 "
2025, Quarter 1,Ontario,Discretionary & On-Demand,English," 1,637,250,000 "," 15,752,000 "
2025, Quarter 1,Ontario,Discretionary & On-Demand,French," 10,150,000 "," 15,752,000 "
2025, Quarter 1,Ontario,Non-Canadian & Other,English," 441,033,333 "," 15,752,000 "
2025, Quarter 1,Quebec,Conventional ,English," 93,600,000 "," 8,770,000 "
2025, Quarter 1,Quebec,Conventional ,French," 1,072,366,667 "," 8,770,000 "
2025, Quarter 1,Quebec,Discretionary & On-Demand,English," 154,866,667 "," 8,770,000 "
2025, Quarter 1,Quebec,Discretionary & On-Demand,French," 1,029,566,666 "," 8,770,000 "
2025, Quarter 1,Quebec,Discretionary & On-Demand,Other," 100,000 "," 8,770,000 "
2025, Quarter 1,Quebec,Non-Canadian & Other,English," 68,183,333 "," 8,770,000 "
2025, Quarter 1,West,Conventional ,French," 816,666 "," 10,316,000 "
2025, Quarter 1,West,Conventional ,English," 613,300,000 "," 10,316,000 "
2025, Quarter 1,West,Discretionary & On-Demand,English," 976,349,999 "," 10,316,000 "
2025, Quarter 1,West,Discretionary & On-Demand,French," 1,383,334 "," 10,316,000 "
2025, Quarter 1,West,Discretionary & On-Demand,Other," 550,000 "," 10,316,000 "
2025, Quarter 1,West,Non-Canadian & Other,English," 223,083,333 "," 10,316,000 "
2025, Quarter 2,Atlantic,Conventional ,French," 8,799,999 "," 2,585,000 "
2025, Quarter 2,Atlantic,Conventional ,English," 195,850,000 "," 2,585,000 "
2025, Quarter 2,Atlantic,Discretionary & On-Demand,English," 378,950,000 "," 2,585,000 "
2025, Quarter 2,Atlantic,Discretionary & On-Demand,Other," 33,334 "," 2,585,000 "
2025, Quarter 2,Atlantic,Discretionary & On-Demand,French," 7,983,333 "," 2,585,000 "
2025, Quarter 2,Atlantic,Non-Canadian & Other,English," 95,433,333 "," 2,585,000 "
2025, Quarter 2,Central,Conventional ,French," 1,100,000 "," 2,644,000 "
2025, Quarter 2,Central,Conventional ,English," 174,800,001 "," 2,644,000 "
2025, Quarter 2,Central,Discretionary & On-Demand,English," 380,816,667 "," 2,644,000 "
2025, Quarter 2,Central,Discretionary & On-Demand,Other, -   ," 2,644,000 "
2025, Quarter 2,Central,Discretionary & On-Demand,French," 1,050,000 "," 2,644,000 "
2025, Quarter 2,Central,Non-Canadian & Other,English," 60,316,666 "," 2,644,000 "
2025, Quarter 2,Ontario,Conventional ,French," 17,233,333 "," 15,752,000 "
2025, Quarter 2,Ontario,Conventional ,English," 840,366,667 "," 15,752,000 "
2025, Quarter 2,Ontario,Discretionary & On-Demand,English," 1,782,216,666 "," 15,752,000 "
2025, Quarter 2,Ontario,Discretionary & On-Demand,Other," 950,000 "," 15,752,000 "
2025, Quarter 2,Ontario,Discretionary & On-Demand,French," 14,066,666 "," 15,752,000 "
2025, Quarter 2,Ontario,Non-Canadian & Other,English," 403,333,333 "," 15,752,000 "
2025, Quarter 2,Quebec,Conventional ,French," 1,105,283,333 "," 8,770,000 "
2025, Quarter 2,Quebec,Conventional ,English," 100,500,000 "," 8,770,000 "
2025, Quarter 2,Quebec,Discretionary & On-Demand,English," 164,233,333 "," 8,770,000 "
2025, Quarter 2,Quebec,Discretionary & On-Demand,Other," 100,000 "," 8,770,000 "
2025, Quarter 2,Quebec,Discretionary & On-Demand,French," 1,127,783,333 "," 8,770,000 "
2025, Quarter 2,Quebec,Non-Canadian & Other,English," 58,116,667 "," 8,770,000 "
2025, Quarter 2,West,Conventional ,English," 597,033,334 "," 10,316,000 "
2025, Quarter 2,West,Conventional ,French," 1,283,334 "," 10,316,000 "
2025, Quarter 2,West,Discretionary & On-Demand,Other," 400,000 "," 10,316,000 "
2025, Quarter 2,West,Discretionary & On-Demand,English," 1,077,133,333 "," 10,316,000 "
2025, Quarter 2,West,Discretionary & On-Demand,French," 3,200,000 "," 10,316,000 "
2025, Quarter 2,West,Non-Canadian & Other,English," 195,333,334 "," 10,316,000 "
2025, Quarter 3,Atlantic,Conventional ,English," 193,750,001 "," 2,585,000 "
2025, Quarter 3,Atlantic,Conventional ,French," 6,000,001 "," 2,585,000 "
2025, Quarter 3,Atlantic,Discretionary & On-Demand,French," 13,700,000 "," 2,585,000 "
2025, Quarter 3,Atlantic,Discretionary & On-Demand,English," 395,133,334 "," 2,585,000 "
2025, Quarter 3,Atlantic,Discretionary & On-Demand,Other," 16,667 "," 2,585,000 "
2025, Quarter 3,Atlantic,Non-Canadian & Other,English," 123,033,333 "," 2,585,000 "
2025, Quarter 3,Central,Conventional ,English," 195,600,000 "," 2,644,000 "
2025, Quarter 3,Central,Conventional ,French," 850,001 "," 2,644,000 "
2025, Quarter 3,Central,Discretionary & On-Demand,Other," 16,667 "," 2,644,000 "
2025, Quarter 3,Central,Discretionary & On-Demand,English," 363,233,333 "," 2,644,000 "
2025, Quarter 3,Central,Discretionary & On-Demand,French," 700,000 "," 2,644,000 "
2025, Quarter 3,Central,Non-Canadian & Other,English," 62,733,334 "," 2,644,000 "
2025, Quarter 3,Ontario,Conventional ,English," 826,400,000 "," 15,752,000 "
2025, Quarter 3,Ontario,Conventional ,French," 16,333,333 "," 15,752,000 "
2025, Quarter 3,Ontario,Discretionary & On-Demand,Other," 433,333 "," 15,752,000 "
2025, Quarter 3,Ontario,Discretionary & On-Demand,English," 1,809,416,667 "," 15,752,000 "
2025, Quarter 3,Ontario,Discretionary & On-Demand,French," 6,316,667 "," 15,752,000 "
2025, Quarter 3,Ontario,Non-Canadian & Other,English," 406,083,333 "," 15,752,000 "
2025, Quarter 3,Quebec,Conventional ,English," 109,483,334 "," 8,770,000 "
2025, Quarter 3,Quebec,Conventional ,French," 977,216,667 "," 8,770,000 "
2025, Quarter 3,Quebec,Discretionary & On-Demand,French," 1,102,233,334 "," 8,770,000 "
2025, Quarter 3,Quebec,Discretionary & On-Demand,English," 161,533,333 "," 8,770,000 "
2025, Quarter 3,Quebec,Discretionary & On-Demand,Other," 50,000 "," 8,770,000 "
2025, Quarter 3,Quebec,Non-Canadian & Other,English," 55,883,333 "," 8,770,000 "
2025, Quarter 3,West,Conventional ,French," 1,366,666 "," 10,316,000 "
2025, Quarter 3,West,Conventional ,English," 579,050,000 "," 10,316,000 "
2025, Quarter 3,West,Discretionary & On-Demand,English," 1,042,549,999 "," 10,316,000 "
2025, Quarter 3,West,Discretionary & On-Demand,French," 1,366,666 "," 10,316,000 "
2025, Quarter 3,West,Discretionary & On-Demand,Other," 183,333 "," 10,316,000 "
2025, Quarter 3,West,Non-Canadian & Other,English," 184,616,666 "," 10,316,000 "
